"scenario","tag","vus","records","depth","sizeKb","duration","requests","rps","latencyAvg","latencyMed","latencyP90","latencyP95","latencyP99","latencyMax","dataReceivedBytes","dataSentBytes","failed"
"perf-test","axum-app-v0.8.9",1,100,"","","60s",6708,95.81523779239933,3.6519274730172993,2.95075,5.3341639999999995,5.662733999999998,7.8196949700000005,23.271591,469553292,3387540,0
"perf-test","axum-app-v0.8.9",100,100,"","","60s",11943,168.80132919674875,439.6400118121921,417.636147,776.9816428000001,922.8885552999999,1210.80951964,2357.065739,835998057,6031215,0
"perf-test","axum-app-v0.8.9",200,100,"","","60s",11879,167.2111229909818,797.0510882419409,752.571384,1408.5191508,1672.4333888,2450.853820959998,5563.16338,831518121,5998895,0
"perf-test","axum-app-v0.8.9",50,100,"","","60s",11903,169.43070078961875,203.16109949710125,181.440937,397.83770580000004,480.0461571999998,679.7436698399998,1259.11429,833198097,6011015,0
"perf-test","axum-app-v0.8.9",1,10,"","","60s",25675,366.7446908533006,1.5972834341187896,1.219917,2.5423624000000005,2.7416329999999998,3.6364671199999923,12.782512,180366875,12940200,0
"perf-test","axum-app-v0.8.9",100,10,"","","60s",101877,1454.1413655095869,61.13504189355778,62.940083,88.78776040000001,99.997348,132.56004480000047,286.909764,715685925,51346008,0
"perf-test","axum-app-v0.8.9",200,10,"","","60s",100289,1430.0076912821585,114.71984661350686,120.016612,177.3921188,196.41728,254.25457499999987,699.098613,704530225,50545152,0
"perf-test","axum-app-v0.8.9",50,10,"","","60s",104582,1493.3375872095883,29.2075123619361,29.1746075,44.56135900000002,49.99197495,65.92425990000001,172.761925,734688550,52709328,0
"perf-test","axum-app-v0.8.9",1,1,"","","60s",50258,717.9300998483357,1.0543887757769874,0.9898914999999999,1.461643,1.7558113499999994,2.518211700000001,8.928063,40759238,25279774,0
"perf-test","axum-app-v0.8.9",100,1,"","","60s",158520,2263.318890728409,40.8221560731636,37.739023,75.909234,86.87039004999998,106.81155140999998,185.147508,128559720,79735560,0
"perf-test","axum-app-v0.8.9",200,1,"","","60s",155664,2221.1826280653763,83.36494771415941,83.400579,121.8547467,131.90342350000003,152.13500229999985,243.763935,126243504,78298992,0
"perf-test","axum-app-v0.8.9",50,1,"","","60s",165561,2364.4886991658377,19.443758379733218,17.855692,35.630732,40.751555,51.08818999999998,101.703063,134269971,83277183,0
"perf-test","axum-app-v0.8.9",1,500,"","","60s",1435,20.496090804610546,15.733439358188162,17.091427,19.145583000000002,20.513090000000002,28.82991942000007,42.695241,507537975,724675,0
"perf-test","axum-app-v0.8.9",100,500,"","","60s",2538,35.321178110303045,841.4782443624905,768.5451410000001,1457.4273698000002,1686.7679817000003,2052.679047390001,2524.896515,897652530,1281690,0
"perf-test","axum-app-v0.8.9",200,500,"","","60s",2566,34.93517382012045,1757.0652092560415,1610.8179475000002,3059.746895,3481.335328,4383.546795699997,5555.502333,907555710,1295830,0
"perf-test","axum-app-v0.8.9",50,500,"","","60s",2512,35.39743648339665,405.58105422054047,368.4863565,697.1360514,805.7956830999999,1049.6885107399974,1385.307245,888456720,1268560,0
"large","axum-app-v0.8.9",25,"","",100,"60s",90266,1289.1647109124488,16.86491730371339,16.952185,27.4983675,31.1402275,42.05565750000013,114.074505,9254521650,10019526,0
"large","axum-app-v0.8.9",50,"","",100,"60s",91255,1302.9338133676006,34.41920981851909,34.757497,50.101400000000005,57.784656000000005,81.98270608000009,200.218094,9355918875,10129305,0
"large","axum-app-v0.8.9",25,"","",500,"60s",22058,314.7650896945167,67.86847874807346,67.757715,104.29785599999997,117.60411049999998,145.38687933000003,249.743845,11296453250,2448438,0
"large","axum-app-v0.8.9",50,"","",500,"60s",22414,319.56502528996566,139.0638521618636,139.240208,197.61679800000002,219.75913799999995,263.18776692999995,438.953832,11478769750,2487954,0
"params","axum-app-v0.8.9",100,"","","","60s",681217,9730.797962397884,9.446904325651145,9.403486,13.997066000000002,17.565565799999995,26.303022039999952,173.164682,118531758,249325422,0
"params","axum-app-v0.8.9",200,"","","","60s",685030,9783.234648227728,18.755685729348986,18.6561195,27.785564899999997,35.6894495,48.49875039999994,131.771952,119195220,250720980,0
"params","axum-app-v0.8.9",50,"","","","60s",683776,9767.674803152358,4.671766070501221,4.4000635,7.186928,8.7522945,13.94365775,124.526962,118977024,250262016,0
"minimal","axum-app-v0.8.9",100,"","","","30s",505911,12643.942620675576,6.842792219188645,6.829505,10.140042,13.7817985,23.293085000000005,103.657232,80944140,46543812,0
"minimal","axum-app-v0.8.9",200,"","","","30s",510074,12748.9120393558,13.480266370315055,13.221196,21.242510700000004,29.432237999999984,42.79789780000006,107.118439,81610131,46926808,0
"minimal","axum-app-v0.8.9",500,"","","","30s",503153,12573.764264835761,34.095522379181034,30.753409,62.3936162,80.68305339999998,99.72090159999999,196.547276,80502983,46290076,0
"nested","axum-app-v0.8.9",100,100,1,"","60s",112495,1605.7707311102515,54.56593673310862,54.838028,84.70034600000001,97.36018599999997,140.987473,322.625019,381920525,12711935,0
"nested","axum-app-v0.8.9",50,100,1,"","60s",116465,1662.9343865007927,25.924403209968695,25.367225,41.169859,46.97842619999999,65.52541552000001,168.504092,395398675,13160545,0
"nested","axum-app-v0.8.9",100,100,2,"","60s",92262,1316.5221981908146,65.28737247020446,64.63001750000001,106.78350810000002,133.38692149999997,185.50256016999998,366.977455,368586690,10425606,0
"nested","axum-app-v0.8.9",50,100,2,"","60s",94153,1344.3879913865069,31.298800621179744,29.958838,51.43142220000001,62.148779999999995,90.76203559999998,240.42053,376141235,10639289,0
"nested","axum-app-v0.8.9",100,100,3,"","60s",76894,1096.436529390743,77.35629789393151,76.072044,131.262619,163.1601784999999,233.2407015999999,548.036231,353327930,8689022,0
"nested","axum-app-v0.8.9",50,100,3,"","60s",79860,1140.2319358827913,36.213611553017735,32.979946999999996,63.61754390000001,82.48584445,123.70774901000014,278.063593,366956700,9024180,0
"post","axum-app-v0.8.9",100,100,"","","60s",37696,537.1921727808813,151.97606122986593,146.618315,280.844984,347.607107,497.79702545000066,931.333387,384348416,8594688,0
"post","axum-app-v0.8.9",200,100,"","","60s",36654,520.9078566408735,277.3538026348296,271.37892850000003,482.90006400000027,572.0984916499999,836.9994282600003,1429.809478,373724184,8357112,0
"post","axum-app-v0.8.9",50,100,"","","60s",38389,547.6520419934543,73.8879017472187,69.966087,129.20691300000016,161.24251839999982,228.58632920000025,460.896942,391414244,8752692,0
"post","axum-app-v0.8.9",100,10,"","","60s",269093,3842.384872808731,23.49923085280544,22.064917,39.122967,44.273662,54.93090540000002,111.417522,296540486,61084111,0
"post","axum-app-v0.8.9",200,10,"","","60s",257822,3678.240402713013,47.800337604998006,47.1044775,75.5127162,82.16952149999999,100.77391279000007,257.688058,284119844,58525594,0
"post","axum-app-v0.8.9",50,10,"","","60s",285580,4078.8262310811624,10.892613993203407,9.313927,22.511730900000003,26.624963449999996,33.44408389,88.381671,314709160,64826660,0
"perf-test","bun-app-v1.3.14",1,100,"","","60s",6181,88.28662916532494,4.410183736288629,4.358296,6.011079,6.535869,8.854102999999999,23.368001,461714519,3121405,0
"perf-test","bun-app-v1.3.14",100,100,"","","60s",11492,162.97378190407753,452.5500401043334,425.767968,806.1454494999996,954.3196794999998,1277.1759419800003,2603.32607,858440908,5803460,0
"perf-test","bun-app-v1.3.14",200,100,"","","60s",11644,163.81886671578945,813.4840213965113,772.775673,1437.9297899000003,1726.2080135,2300.804548449998,4389.873486,869795156,5880220,0
"perf-test","bun-app-v1.3.14",50,100,"","","60s",11554,164.39815602863214,207.69281731045623,184.30247450000002,401.0069063,492.14702415000005,693.2631369999998,1227.970618,863072246,5834770,0
"perf-test","bun-app-v1.3.14",1,10,"","","60s",26072,372.4489669212694,1.4991103373350745,1.2700304999999998,2.4839029000000004,2.762280999999996,3.7680756900000008,25.695901,195409640,13140288,0
"perf-test","bun-app-v1.3.14",100,10,"","","60s",100183,1428.958298285985,62.03109343187968,63.846847,91.595755,103.23099499999998,137.44382899999988,283.824169,750871585,50492232,0
"perf-test","bun-app-v1.3.14",200,10,"","","60s",96680,1378.4676209789368,116.71266892374895,121.447667,183.94780600000004,201.79653900000002,279.23905340000033,622.037623,724616600,48726720,0
"perf-test","bun-app-v1.3.14",50,10,"","","60s",101550,1450.0190819369832,30.00442794546533,29.812554499999997,45.911078100000005,52.05061044999998,71.01586859999988,153.840501,761117250,51181200,0
"perf-test","bun-app-v1.3.14",1,1,"","","60s",51681,738.2948370620162,1.0744852746850755,0.930557,1.793554,1.988454,2.7614357999999997,48.042413,44342298,25995543,0
"perf-test","bun-app-v1.3.14",100,1,"","","60s",211194,3015.8311337857294,30.576845698452946,26.570343,59.1926337,72.35098099999996,99.41106067000017,701.284686,181204452,106230582,0
"perf-test","bun-app-v1.3.14",200,1,"","","60s",219982,3139.9927174090753,58.90462899752245,46.800731,124.5809891,147.7149331,186.63025909,730.280068,188744556,110650946,0
"perf-test","bun-app-v1.3.14",50,1,"","","60s",214791,3067.8749609681076,14.932998899944613,13.860702,27.523646,34.237583,46.37059820000002,330.921946,184290678,108039873,0
"perf-test","bun-app-v1.3.14",1,500,"","","60s",1375,19.637707197067126,17.07390757527277,18.072325,19.796615000000003,21.4275143,33.01390608,56.423352,518629375,694375,0
"perf-test","bun-app-v1.3.14",100,500,"","","60s",2465,34.31935280047345,859.8219341314403,776.174488,1556.3041278,1748.8161753999987,2289.6462192400036,3395.431845,929761025,1244825,0
"perf-test","bun-app-v1.3.14",200,500,"","","60s",2515,34.11695163761755,1821.9826765157031,1634.551284,3180.615019799999,3556.6687664999995,5184.49281642,9820.859923,948620275,1282700,0
"perf-test","bun-app-v1.3.14",50,500,"","","60s",2445,34.478083800010104,414.22788387730117,381.678811,708.9300578,794.9100085999997,990.8775295999998,1288.861585,922217325,1234725,0
"large","bun-app-v1.3.14",25,"","",100,"60s",98594,1408.0028684654612,14.986387575400094,13.891081,25.872022299999998,30.17359519999999,41.86470359999992,147.786673,10108349850,10943934,0
"large","bun-app-v1.3.14",50,"","",100,"60s",97950,1398.6027242677126,31.231972613425448,30.6059925,48.39303780000001,56.786540550000026,79.08338010999996,202.341007,10042323750,10872450,0
"large","bun-app-v1.3.14",25,"","",500,"60s",23380,333.6430429392523,59.56918936163381,56.6270795,97.53638090000001,113.02504905,145.75303069999995,281.925712,11973482500,2595180,0
"large","bun-app-v1.3.14",50,"","",500,"60s",23849,340.04064189078076,124.73099218038485,122.785239,190.223455,229.1215413999999,298.6718841600001,572.127086,12213669125,2647239,0
"params","bun-app-v1.3.14",100,"","","","60s",1011765,14453.079004559298,6.11505391730304,4.931172,12.519956599999999,15.116505199999997,24.463869359999997,108.800476,176047110,370305990,0
"params","bun-app-v1.3.14",200,"","","","60s",918479,13117.810681886225,12.152079453588916,10.513122,22.156373000000013,28.724846899999996,43.329567799999985,118.475289,159815346,336163314,0
"params","bun-app-v1.3.14",50,"","","","60s",1060965,15155.963310731491,2.9877986730182924,2.399412,5.8259954,7.364115999999997,12.438711800000064,83.054995,184607910,388313190,0
"minimal","bun-app-v1.3.14",100,"","","","30s",644421,16106.337321291765,5.285348369176312,4.170673,11.180889,13.578769,22.197719800000037,70.268677,101174097,59286732,0
"minimal","bun-app-v1.3.14",200,"","","","30s",591293,14776.663997960393,10.753624514834348,9.19291,20.253321000000003,25.666344600000013,40.231692719999955,100.051902,92833001,54398956,0
"minimal","bun-app-v1.3.14",500,"","","","30s",539563,13482.675510089444,31.01475987542435,28.800592,54.131722999999994,73.09808009999999,90.951251,170.383322,84711391,49639796,0
"nested","bun-app-v1.3.14",100,100,1,"","60s",110560,1577.8822357923195,55.72749960964202,56.287024,85.4774311,97.26838804999996,138.49461661000032,343.749018,375351200,12493280,0
"nested","bun-app-v1.3.14",50,100,1,"","60s",116070,1657.4981092974974,25.989530210200762,25.4040405,41.164067100000004,47.31415699999994,66.94952909999998,171.530457,394057650,13115910,0
"nested","bun-app-v1.3.14",100,100,2,"","60s",90321,1288.7992013390071,66.52635379056883,66.106749,107.69972,134.143122,189.89921320000022,457.59793,360832395,10206273,0
"nested","bun-app-v1.3.14",50,100,2,"","60s",92916,1326.7451565829513,31.75136624871905,30.4479665,51.973432,62.56374275,92.53234770000027,207.831486,371199420,10499508,0
"nested","bun-app-v1.3.14",100,100,3,"","60s",75789,1081.0573049007342,78.48061227997404,77.152273,133.68520759999993,168.68019299999972,233.25705603999975,507.665921,348250455,8564157,0
"nested","bun-app-v1.3.14",50,100,3,"","60s",78975,1127.3571785180766,36.52430154293129,32.962348,64.30459940000001,83.73911200000002,125.5428864,294.261657,362890125,8924175,0
"post","bun-app-v1.3.14",100,100,"","","60s",91679,1308.3892121926297,67.75588709522177,68.94249,101.626018,113.79543689999998,157.52179900000002,337.212054,1063109684,20902812,0
"post","bun-app-v1.3.14",200,100,"","","60s",90235,1285.8636950690955,128.692500564748,134.294253,196.961952,211.533818,286.9625442000005,553.453314,1046365060,20573580,0
"post","bun-app-v1.3.14",50,100,"","","60s",94037,1342.264135095205,32.265150604517395,32.183429,49.462142000000014,56.37363199999998,76.64803223999999,201.054617,1090453052,21440436,0
"post","bun-app-v1.3.14",100,10,"","","60s",482946,6897.020156018673,13.098081423517662,11.8986075,23.8206245,29.244014,39.15641205,86.821214,600301878,109628742,0
"post","bun-app-v1.3.14",200,10,"","","60s",453030,6469.029668333934,27.63252522088096,25.4165275,47.687324000000004,54.625337,67.02751300000007,136.709565,563116290,102837810,0
"post","bun-app-v1.3.14",50,10,"","","60s",522423,7461.497676216002,6.015909480834355,4.990762,12.418545799999999,14.755918,20.92963257999998,55.629338,649371789,118590021,0
"perf-test","deno-app-v2.9.2",1,100,"","","60s",6163,88.02905870485806,4.307945524582172,4.165176,5.797060800000001,6.137409099999999,8.590138180000002,19.822314,460369937,3112315,0
"perf-test","deno-app-v2.9.2",100,100,"","","60s",11619,164.7320984463981,446.9922853807557,423.653442,809.0270488000001,960.34504,1288.8945541199998,2181.58253,867927681,5867090,0
"perf-test","deno-app-v2.9.2",200,100,"","","60s",11628,163.52806769132025,839.5352218046949,765.8849680000001,1563.0806657000003,1850.61878485,2776.5567918999977,5596.902161,868599972,5872140,0
"perf-test","deno-app-v2.9.2",50,100,"","","60s",11512,163.7100043065073,207.91330608538908,184.53793000000002,402.93289200000004,481.2585935999999,671.1021462,1845.823206,859934888,5813560,0
"perf-test","deno-app-v2.9.2",1,10,"","","60s",26315,375.8945095811182,1.5419594146684243,1.349805,2.5435730000000008,2.7225789999999996,3.6305026000000016,9.763675,197230925,13262760,0
"perf-test","deno-app-v2.9.2",100,10,"","","60s",99508,1419.6370540630946,62.46579941612783,63.944345999999996,92.5318943,104.10425949999998,142.45067597,309.753535,745812460,50152032,0
"perf-test","deno-app-v2.9.2",200,10,"","","60s",97541,1390.6788673184583,119.19405008636346,122.692743,185.573106,205.538136,282.7660616000001,604.064605,731069795,49160664,0
"perf-test","deno-app-v2.9.2",50,10,"","","60s",102567,1464.4314225535275,29.679739980022756,29.512817,45.850226000000006,51.967422699999986,69.1243262,176.312864,768739665,51693768,0
"perf-test","deno-app-v2.9.2",1,1,"","","60s",47340,676.2745795889995,1.1150446226235666,1.0720565,1.4990171999999997,1.8973513999999996,2.766418900000004,74.376696,40617720,23812020,0
"perf-test","deno-app-v2.9.2",100,1,"","","60s",213382,3047.0788006895323,30.260899244252556,26.738750500000002,59.926421999999995,73.66582844999996,95.44813240000002,826.332226,183081756,107331146,0
"perf-test","deno-app-v2.9.2",200,1,"","","60s",218558,3119.8241903473404,59.28164384874046,46.6269045,125.860517,148.41679549999998,189.47827349999997,682.13385,187522764,109934674,0
"perf-test","deno-app-v2.9.2",50,1,"","","60s",214601,3065.117419855596,14.94850133025954,14.039183,27.383919,34.648345,45.719308,324.586072,184127658,107944303,0
"perf-test","deno-app-v2.9.2",1,500,"","","60s",1339,19.12032584022401,18.315158844660193,19.727677,21.6918332,24.54677119999999,31.024813579999954,50.115354,505050715,676195,0
"perf-test","deno-app-v2.9.2",100,500,"","","60s",2463,34.329054188221114,853.0464583922035,788.830493,1462.1900864000002,1657.2457758,2004.047615300001,3237.451806,929006655,1243815,0
"perf-test","deno-app-v2.9.2",200,500,"","","60s",2523,34.201025790935475,1779.852237005944,1628.254206,3068.994474,3508.648603300001,4219.734071860001,5677.197072,951637755,1274115,0
"perf-test","deno-app-v2.9.2",50,500,"","","60s",2414,34.088816316611286,416.117795335957,379.701261,707.7809976000001,814.2656243499999,1061.0356341599997,1546.066221,910524590,1219070,0
"large","deno-app-v2.9.2",25,"","",100,"60s",99319,1418.15141732211,14.882167361833952,13.79608,25.5398656,29.635968099999996,41.54690019999979,138.878416,10182680475,11024409,0
"large","deno-app-v2.9.2",50,"","",100,"60s",97265,1388.8230847516443,31.48176916986678,30.850791,48.705774000000005,57.15887140000002,81.04464076000001,174.610884,9972094125,10796415,0
"large","deno-app-v2.9.2",25,"","",500,"60s",23207,331.0851286924909,60.569719087301344,58.234853,95.4679856,111.7167133,146.21139319999995,300.536694,11884884875,2575977,0
"large","deno-app-v2.9.2",50,"","",500,"60s",23734,338.13581288023835,125.93248214898423,124.7899025,190.83518700000002,226.20643689999997,296.2274965999997,588.540328,12154774750,2634474,0
"params","deno-app-v2.9.2",100,"","","","60s",980894,14009.85199096809,6.3771741867122556,5.133052,12.8085317,15.852820499999998,25.476611499999997,97.112403,170675556,359007204,0
"params","deno-app-v2.9.2",200,"","","","60s",916223,13086.27227278869,12.353819642328187,10.604192,22.698569000000003,29.843750099999934,43.76398558000002,118.599969,159422802,335337618,0
"params","deno-app-v2.9.2",50,"","","","60s",1036064,14796.810438534483,3.061246178341249,2.393886,5.7057037000000035,7.584686649999999,13.915255599999998,91.990224,180275136,379199424,0
"minimal","deno-app-v2.9.2",100,"","","","30s",657669,16436.1528084895,5.16772105942194,4.073995,10.9417892,13.174800399999997,21.853038199999983,66.92582,103254033,60505548,0
"minimal","deno-app-v2.9.2",200,"","","","30s",605685,15140.026426175544,10.524472915950248,8.894211,19.880354999999998,25.45094199999996,40.025192160000024,148.167603,95092545,55723020,0
"minimal","deno-app-v2.9.2",500,"","","","30s",539732,13486.817694594589,30.771314403876016,28.615586999999998,53.80508080000002,72.16240949999997,88.83206318999994,146.533763,84737924,49655344,0
"nested","deno-app-v2.9.2",100,100,1,"","60s",111353,1589.4954262066556,55.05449011819219,55.226696,85.472649,99.07996339999998,145.16748631999974,320.677875,378043435,12582889,0
"nested","deno-app-v2.9.2",50,100,1,"","60s",115907,1654.8631252840462,26.014481567834306,25.374144,41.417938400000004,47.621565999999994,66.7672476,219.606479,393504265,13097491,0
"nested","deno-app-v2.9.2",100,100,2,"","60s",91070,1299.6874918708345,66.31713457983993,65.129434,108.17812900000004,136.79518400000003,192.07278670999997,560.089882,363824650,10290910,0
"nested","deno-app-v2.9.2",50,100,2,"","60s",92956,1327.231974519131,31.720289790061745,30.1077075,52.6482555,65.10931049999999,95.52518049999999,302.583047,371359220,10504028,0
"nested","deno-app-v2.9.2",100,100,3,"","60s",75947,1083.6162132277534,79.12039379687153,78.598945,132.4469620000001,165.652175,232.6412649999995,481.827524,348976465,8582011,0
"nested","deno-app-v2.9.2",50,100,3,"","60s",78828,1125.1650179525489,36.67173617861663,33.206061,64.54722840000001,83.00813164999998,127.19735789999994,353.081555,362214660,8907564,0
"post","deno-app-v2.9.2",100,100,"","","60s",92193,1315.2938995706504,67.51033238277296,68.934069,100.89532100000002,113.05684899999997,156.09155180000005,305.787388,1069070028,21020004,0
"post","deno-app-v2.9.2",200,100,"","","60s",87953,1251.9699539864405,132.9804105909066,136.416317,205.93935720000002,225.9015919999999,328.2875784,702.309884,1019902988,20053284,0
"post","deno-app-v2.9.2",50,100,"","","60s",94345,1347.10394401743,32.215698021707595,32.110608,49.841331600000004,56.8883222,77.76540123999996,161.736296,1094024620,21510660,0
"post","deno-app-v2.9.2",100,10,"","","60s",482469,6890.402277027882,13.053099083105844,11.785709,24.060028799999998,29.461626399999997,39.62645972,137.861756,599708967,109520463,0
"post","deno-app-v2.9.2",200,10,"","","60s",455966,6511.762850714239,27.399482661668145,25.0267185,47.623140500000005,54.984274,68.40885899999999,159.208668,566765738,103504282,0
"post","deno-app-v2.9.2",50,10,"","","60s",506722,7238.180702766747,6.204145836310538,5.155091499999999,12.770433100000007,15.116921999999978,21.304504699999995,77.50216,629855446,115025894,0
"perf-test","django-app-v6.0.7",1,100,"","","60s",4409,62.95700096464062,8.061325611703348,8.120402,11.515604,12.495068999999999,16.860692800000002,104.606612,344968978,2235363,0
"perf-test","django-app-v6.0.7",100,100,"","","60s",12212,173.2428186681535,431.02430915935133,405.6388835,763.6052861,913.7771326499997,1251.9733413099996,2111.756111,955491304,6196554,0
"perf-test","django-app-v6.0.7",200,100,"","","60s",12143,170.68733439761127,880.7006277586282,799.43844,1500.1034992000002,1945.3595423999996,3299.5988182199994,6139.372825,950092606,6347640,0
"perf-test","django-app-v6.0.7",50,100,"","","60s",12258,174.16785955594852,201.3011604503192,179.0124525,381.3733753,462.6921456999999,633.6692490400001,1190.282244,959090436,6214806,0
"perf-test","django-app-v6.0.7",1,10,"","","60s",15724,224.61986563107243,3.009346978504198,2.5761814999999997,4.754595699999999,5.157564999999998,6.5954396000000015,113.718787,123905120,7956344,0
"perf-test","django-app-v6.0.7",100,10,"","","60s",99042,1413.6631233040143,63.367270139911064,63.566773999999995,91.94707900000002,107.47825499999999,144.3794645099999,359.416065,780450960,50115252,0
"perf-test","django-app-v6.0.7",200,10,"","","60s",98575,1405.6700929889132,122.09453604030331,125.308141,181.30788500000006,204.9195536999999,264.9551627399996,493.675591,776771000,49878950,0
"perf-test","django-app-v6.0.7",50,10,"","","60s",100620,1436.5356816348485,30.61038794527903,29.814960999999997,45.677444,53.30590454999999,79.24515639999996,212.402147,792885600,50913720,0
"perf-test","django-app-v6.0.7",1,1,"","","60s",25083,358.32486577102065,2.4452870203325108,2.233143,3.6789642,3.9647369999999995,5.298091600000001,95.789436,23277024,12666915,0
"perf-test","django-app-v6.0.7",100,1,"","","60s",133835,1910.7778961479728,48.385862522330115,44.877794,70.86069700000002,79.989734,120.65368660000006,305.862154,124198880,67586675,0
"perf-test","django-app-v6.0.7",200,1,"","","60s",132242,1886.8709234916573,98.11218351927423,96.109054,128.21357320000004,158.45331444999985,231.66626239999985,398.758469,122720576,66782210,0
"perf-test","django-app-v6.0.7",50,1,"","","60s",140351,2004.550519836034,22.94453979454372,22.266267,31.16844,36.2183835,66.07753149999999,160.433652,130245728,70877255,0
"perf-test","django-app-v6.0.7",1,500,"","","60s",1012,14.4527448585963,33.433566257905184,35.243492,44.2405312,46.72862599999999,58.76065863999999,70.403995,399508252,513084,0
"perf-test","django-app-v6.0.7",100,500,"","","60s",2596,36.032220812609836,1097.726984378656,801.0346545,2243.030677,2568.60601875,3120.929180800005,3914.131958,1024825516,1683240,0
"perf-test","django-app-v6.0.7",200,500,"","","60s",2674,35.94594408181279,2057.652123838821,1767.5940195,3702.4123928000004,4173.923143749998,5167.06069379,6223.432426,1055617654,1660932,0
"perf-test","django-app-v6.0.7",50,500,"","","60s",2594,36.62710726623982,438.8695538203544,386.272238,738.8441399000002,886.2750949499996,1447.1107313600003,2402.812458,1024035974,1344564,0
"large","django-app-v6.0.7",25,"","",100,"60s",93660,1337.7004835682571,15.996778685693139,15.089126499999999,24.7747379,28.844056950000002,45.308268500000004,133.457024,9606612540,10583580,0
"large","django-app-v6.0.7",50,"","",100,"60s",93107,1329.452874777978,33.100940007131655,31.788528,49.902129800000004,59.2645767,89.10846846000003,299.082787,9549891883,10521091,0
"large","django-app-v6.0.7",25,"","",500,"60s",22546,321.7772584816197,63.40574895852899,60.841149,94.5295605,111.47475825,149.75906444999998,293.082701,11548579758,2547698,0
"large","django-app-v6.0.7",50,"","",500,"60s",22923,326.7609185797658,133.43256021812192,131.526205,191.516028,215.6297309999999,276.36840281999986,516.051081,11741687829,2590299,0
"params","django-app-v6.0.7",100,"","","","60s",160786,2296.0112679877566,40.289907969177136,38.993052,55.870490000000004,63.467635,97.32922434999999,216.149338,34247418,59169248,0
"params","django-app-v6.0.7",200,"","","","60s",153297,2188.310025378481,84.68680439869807,83.442113,109.52612339999999,126.22694219999997,189.14970624000014,330.21642,32652261,56413296,0
"params","django-app-v6.0.7",50,"","","","60s",168791,2410.7532903331194,19.12010237373446,18.756364,25.002311,28.5617135,44.76653400000002,150.733354,35952483,62115088,0
"minimal","django-app-v6.0.7",100,"","","","30s",104091,2600.842081790132,33.50413430344595,34.175201,46.642375,53.5030905,81.54777990000001,207.300092,21234564,9784554,0
"minimal","django-app-v6.0.7",200,"","","","30s",99396,2480.7626096714453,70.37142614875863,73.351058,97.224151,109.65309574999999,152.77976050000004,272.070018,20276777,9343224,0
"minimal","django-app-v6.0.7",500,"","","","30s",93482,2330.7704671090682,187.355164687801,196.426485,240.66958290000008,303.66937945,409.25991708,530.715833,19070328,8787308,0
"nested","django-app-v6.0.7",100,100,1,"","60s",131673,1878.7308062550815,47.68724829742581,48.257831,68.992153,79.58796,112.31468751999999,261.551119,570144090,15142395,0
"nested","django-app-v6.0.7",50,100,1,"","60s",137478,1963.2861458140346,22.465633889262406,21.547237000000003,35.067854000000004,39.90512535,57.266448800000056,150.096713,595279740,15809970,0
"nested","django-app-v6.0.7",100,100,2,"","60s",129493,1848.3678737954099,48.5104971636687,49.170435,70.164878,80.709372,109.46668732000002,254.918159,677248390,14891695,0
"nested","django-app-v6.0.7",50,100,2,"","60s",133058,1900.2399195040057,23.16583140386925,22.3709215,35.942897,40.730777999999994,57.495602699999964,175.225428,695893340,15301670,0
"nested","django-app-v6.0.7",100,100,3,"","60s",126133,1800.3382975211416,49.707489813990406,50.484435,72.063725,83.14464519999997,114.69952579999989,328.149548,773195290,14505295,0
"nested","django-app-v6.0.7",50,100,3,"","60s",130854,1868.6837464374798,23.53564928401929,22.6702835,36.6745034,41.598705,59.997168730000006,154.925664,802135020,15048210,0
"post","django-app-v6.0.7",100,100,"","","60s",88865,1267.575217616828,70.03094453766919,70.931713,104.01103900000001,117.72660200000001,164.9416758,300.837469,1193456950,20438950,0
"post","django-app-v6.0.7",200,100,"","","60s",85803,1223.3113859450516,138.83439702160845,141.463163,208.89650300000002,230.54105389999995,315.91558857999985,733.168027,1152334290,19734690,0
"post","django-app-v6.0.7",50,100,"","","60s",89977,1284.2428066746083,33.851234852351276,33.563014,51.46904240000001,59.3390056,83.74361236000001,235.863068,1208391110,20694710,0
"post","django-app-v6.0.7",100,10,"","","60s",160905,2297.74982196895,40.125589614754055,38.821037,55.74994100000001,64.7518162,99.03200715999995,271.91759,234438585,36847245,0
"post","django-app-v6.0.7",200,10,"","","60s",157591,2249.6092475837263,82.29839511506842,81.369379,106.290168,126.14937950000001,179.8290690000001,315.133467,229610087,36088339,0
"post","django-app-v6.0.7",50,10,"","","60s",174443,2491.6348801934837,18.416449429905544,17.866859,24.579614800000023,27.9139669,42.69175321999994,106.102992,254163451,39947447,0
"perf-test","express-app-v5.2.1",1,100,"","","60s",5820,83.13553829030431,4.946391658591055,4.9895785,6.326659,6.915657,9.7515496,33.434078,425034600,2956560,0
"perf-test","express-app-v5.2.1",100,100,"","","60s",11442,162.16737227882672,448.7185002313399,423.128355,814.4127530000001,981.0275517499985,1308.72531453,2683.266755,835609260,5812028,0
"perf-test","express-app-v5.2.1",200,100,"","","60s",11481,161.45375069226944,859.7900144706911,843.472184,1508.513417,1829.335568,2462.4542776000008,4802.171457,838457430,5833872,0
"perf-test","express-app-v5.2.1",50,100,"","","60s",11617,165.37272058832832,207.62819643815146,181.510635,404.37711459999986,497.8912705999999,706.4669975200001,1256.27371,848389510,5901436,0
"perf-test","express-app-v5.2.1",1,10,"","","60s",24110,344.4246155839323,1.7067895721692141,1.624104,2.7615580000000004,3.01061495,3.9248391999999996,23.711216,179498950,12223770,0
"perf-test","express-app-v5.2.1",100,10,"","","60s",99436,1419.1213456369885,62.639115282533474,64.0608895,92.031759,104.4653435,140.95315184999998,709.288141,740301020,50414052,0
"perf-test","express-app-v5.2.1",200,10,"","","60s",97237,1385.232892708391,121.65342449516137,124.921637,186.62324460000002,209.15889779999998,285.6936306,1046.420355,723929465,49299159,0
"perf-test","express-app-v5.2.1",50,10,"","","60s",100877,1440.4493112857424,30.273431987360798,30.047558,46.22527440000001,52.493734999999994,70.83519364000007,318.386467,751029265,51144639,0
"perf-test","express-app-v5.2.1",1,1,"","","60s",42772,611.0183646024693,1.3389381911530802,1.3210715,1.7263749,2.1034129499999996,2.915044000000001,19.120892,41446068,21642632,0
"perf-test","express-app-v5.2.1",100,1,"","","60s",180514,2577.587356228679,35.80702005959663,32.682225,74.053475,90.37952,119.59964152999994,590.357398,174918066,91340084,0
"perf-test","express-app-v5.2.1",200,1,"","","60s",178880,2551.8181665648794,72.52821978564394,71.061728,114.683216,129.20558344999998,156.59088769999994,250.976181,173334720,90513280,0
"perf-test","express-app-v5.2.1",50,1,"","","60s",185034,2642.367923109745,17.375869383653697,15.972217,34.486411000000004,41.05786465000001,56.21529600000001,284.914355,179297946,93627204,0
"perf-test","express-app-v5.2.1",1,500,"","","60s",1288,18.39662639406355,20.14346923602485,20.8993025,23.033533,26.818947999999995,36.793819239999955,49.342187,474391008,654304,0
"perf-test","express-app-v5.2.1",100,500,"","","60s",2444,34.045998897444285,855.9798000335509,784.314183,1489.0664391000005,1684.26864295,2064.015571210001,3259.88931,900164304,1242568,0
"perf-test","express-app-v5.2.1",200,500,"","","60s",2507,33.84050103528582,2054.892489141609,1495.246819,4614.298375400002,5508.792326999997,6944.1799834600015,9811.761726,923368212,1456944,0
"perf-test","express-app-v5.2.1",50,500,"","","60s",2445,34.47620571871426,414.20997816073685,380.808179,713.8282375999997,813.6577293999999,1047.8783589999998,1875.49031,900532620,1242060,0
"large","express-app-v5.2.1",25,"","",100,"60s",97329,1390.0324782851637,15.42237944115334,13.546461,28.073517799999998,32.76377539999999,42.38918288000001,124.349118,9991308495,11095506,0
"large","express-app-v5.2.1",50,"","",100,"60s",96638,1379.8037287895781,31.902199073138835,30.443368,50.7177133,61.04653484999999,84.10414300000001,250.101308,9920373890,11016732,0
"large","express-app-v5.2.1",25,"","",500,"60s",22114,315.55340779726737,67.5220141428505,66.838548,93.267071,103.42010464999997,137.8020366999998,244.446043,11328007070,2520996,0
"large","express-app-v5.2.1",50,"","",500,"60s",22394,319.248978427686,139.31917859694576,139.65547800000002,193.4666644,217.05705319999998,273.96076823,404.952036,11471438470,2552916,0
"params","express-app-v5.2.1",100,"","","","60s",810742,11580.96447882746,7.90595068601954,7.514093,12.609293100000004,16.968749,27.230541799999923,94.938612,244033342,299163798,0
"params","express-app-v5.2.1",200,"","","","60s",816081,11656.497270242919,15.317001385935157,14.358879,25.639089,34.646597,48.94215219999999,132.821819,245640381,301133889,0
"params","express-app-v5.2.1",50,"","","","60s",869329,12417.918711361597,3.6635247222972835,3.329588,5.767290200000001,7.719210999999999,13.584672319999969,86.956164,261668029,320782401,0
"minimal","express-app-v5.2.1",100,"","","","30s",645688,16140.115057866095,5.285437853159741,4.1677444999999995,10.9435813,13.390300500000006,22.632892500000004,103.413904,183375392,61340360,0
"minimal","express-app-v5.2.1",200,"","","","30s",600297,15000.664425553368,10.732912632881558,8.903971,20.2108542,26.960995999999966,41.92722340000006,133.576691,170484348,57028215,0
"minimal","express-app-v5.2.1",500,"","","","30s",529639,13235.14274905563,31.477018864966183,28.992542,56.484493,74.01663099999999,90.80458021999999,150.111532,150417476,50315705,0
"nested","express-app-v5.2.1",100,100,1,"","60s",111663,1593.8464851408824,55.11424338426398,55.643335,85.2714562,97.104067,138.82243944000047,302.653575,393388749,12952908,0
"nested","express-app-v5.2.1",50,100,1,"","60s",115537,1649.1328122532773,26.145884878593243,25.465205,41.499110400000006,47.6047184,67.34309259999999,205.600697,407036851,13402292,0
"nested","express-app-v5.2.1",100,100,2,"","60s",91037,1299.2292098643716,66.45208166318102,65.186369,109.01797400000001,137.94304419999995,197.19152379999997,476.579495,375345551,10560292,0
"nested","express-app-v5.2.1",50,100,2,"","60s",93505,1335.1585004246767,31.64304819137989,29.926248,51.9545522,63.936536000000004,96.22256780000009,218.959603,385521115,10846580,0
"nested","express-app-v5.2.1",100,100,3,"","60s",76195,1087.1630319081091,77.65920455697857,76.775971,131.22413600000002,163.749119,233.97274553999995,464.996483,359945180,8838620,0
"nested","express-app-v5.2.1",50,100,3,"","60s",78870,1125.7935969306543,36.61428016202607,33.083627,64.3445829,83.44041045000004,128.02385649999988,372.178203,372581880,9148920,0
"post","express-app-v5.2.1",100,100,"","","60s",37385,532.7528759118795,153.51819429378057,148.133365,285.7987923999999,349.6662939999998,486.60991035999996,1051.545965,386000125,8635935,0
"post","express-app-v5.2.1",200,100,"","","60s",36749,522.3699523684376,269.0980231560338,259.977416,474.54862980000007,574.4560675999998,806.1014689599976,1612.19646,379433425,8489019,0
"post","express-app-v5.2.1",50,100,"","","60s",38297,546.4788738295103,74.50121089035684,70.908783,129.93403,161.06075299999992,221.6834848000001,461.140162,395416525,8846607,0
"post","express-app-v5.2.1",100,10,"","","60s",269795,3852.363834170824,23.46430151536918,21.99132,38.80340040000001,43.920679299999996,55.136322039999996,263.874257,331847850,62052850,0
"post","express-app-v5.2.1",200,10,"","","60s",254368,3631.882097735373,47.97511238606769,47.1683525,76.3092893,83.53721334999999,104.03230152999988,233.505506,312872640,58504640,0
"post","express-app-v5.2.1",50,10,"","","60s",286820,4096.821637779093,10.853072431800369,9.291671000000001,22.219602,26.22961505,33.00561111,121.844019,352788600,65968600,0
"perf-test","fastapi-app-v0.139.0",1,100,"","","60s",4472,63.871967243561194,8.147300939847918,6.1874649999999995,13.931517099999999,15.44805955,19.152064009999997,128.541502,328857464,2280720,0
"perf-test","fastapi-app-v0.139.0",100,100,"","","60s",12763,181.16734300657797,417.95225812591025,394.970855,743.9244432000002,891.7159899,1190.609396999998,1866.236105,938552731,6509130,0
"perf-test","fastapi-app-v0.139.0",200,100,"","","60s",12940,181.7506820205158,784.2207314938157,747.411632,1382.364477,1627.6781569499997,2333.13937529,4514.539207,951568780,6601950,0
"perf-test","fastapi-app-v0.139.0",50,100,"","","60s",12746,181.50335012222885,195.210731014829,173.469916,371.338705,446.45934275,640.961096199999,1077.844443,937302602,6500460,0
"perf-test","fastapi-app-v0.139.0",1,10,"","","60s",18874,269.6084781788624,2.316522600349678,1.815299,3.683494,3.9678636499999995,5.183951500000001,41.246988,139459986,9606866,0
"perf-test","fastapi-app-v0.139.0",100,10,"","","60s",107587,1535.0345635557344,58.31360052527781,59.580766,84.32614860000004,95.14386529999999,128.9774796,280.90749,794960343,54761783,0
"perf-test","fastapi-app-v0.139.0",200,10,"","","60s",107477,1532.6584911037203,114.21630024037724,117.956877,165.21735060000003,186.10971459999996,248.61349724000002,465.060256,794147553,54705793,0
"perf-test","fastapi-app-v0.139.0",50,10,"","","60s",110369,1576.0804994045204,27.811828773994307,27.267485,42.3470454,48.05370199999999,66.61325383999998,166.920797,815516541,56177821,0
"perf-test","fastapi-app-v0.139.0",1,1,"","","60s",59809,854.4082337698843,0.9950860561955499,0.819168,1.4569958000000005,1.8003999999999998,2.3673705999999965,40.433567,51615167,30382972,0
"perf-test","fastapi-app-v0.139.0",100,1,"","","60s",357656,5108.71408295923,17.973027663685073,15.337576,29.085865499999997,35.26089275,54.08889205000004,240.950536,308657128,181689248,0
"perf-test","fastapi-app-v0.139.0",200,1,"","","60s",353798,5052.928713966595,36.31881185540049,29.9482985,70.52945129999996,88.78572134999995,135.53235929999994,395.986069,305327674,179729384,0
"perf-test","fastapi-app-v0.139.0",50,1,"","","60s",353397,5048.152141468735,9.010815649892441,8.706939,12.491473800000001,16.189513200000004,25.40864436,100.963214,304981611,179525676,0
"perf-test","fastapi-app-v0.139.0",1,500,"","","60s",852,12.164625632619657,42.33758768661967,36.1607145,59.6079842,62.80530809999999,75.59290253,93.724735,316473696,434520,0
"perf-test","fastapi-app-v0.139.0",100,500,"","","60s",2744,38.31524945621255,842.87165996137,769.208451,1411.9670033000002,1597.28491395,2140.772367590001,4478.59358,1019253312,1401990,0
"perf-test","fastapi-app-v0.139.0",200,500,"","","60s",2789,37.96050647005894,2058.1384886794563,1490.064231,4720.657540400003,5440.820297599999,6528.393356,8992.720983,1035968472,1658520,0
"perf-test","fastapi-app-v0.139.0",50,500,"","","60s",2737,38.619842870618996,423.85458790537007,388.620761,712.7697544000001,810.8603325999999,1016.2844275999995,1542.783818,1016653176,1395870,0
"large","fastapi-app-v0.139.0",25,"","",100,"60s",99156,1416.1384138720953,14.962868031364922,13.9435455,24.955078,28.9699515,40.24137344999991,114.991428,10167654552,11502096,0
"large","fastapi-app-v0.139.0",50,"","",100,"60s",98226,1401.7456573485101,31.197525078787805,30.6311325,47.6409975,55.31554,78.38151675,216.811596,10072290492,11394216,0
"large","fastapi-app-v0.139.0",25,"","",500,"60s",23398,333.94135001254404,60.013314553038676,57.904725,94.63728599999999,110.82263684999997,143.38521756999995,246.094667,11983098516,2714168,0
"large","fastapi-app-v0.139.0",50,"","",500,"60s",23986,341.9725000328789,124.35490969732336,123.040537,189.05906900000002,224.76753324999999,293.60845700000004,564.094989,12284238012,2782376,0
"params","fastapi-app-v0.139.0",100,"","","","60s",431002,6156.596489882943,14.98967453382784,13.64235,21.7149909,26.24399044999997,42.219388089999946,175.473854,82321382,159901742,0
"params","fastapi-app-v0.139.0",200,"","","","60s",428414,6119.240910741476,30.214192461014125,23.015777,61.550677000000015,78.96004099999992,125.5035489,379.736183,81827074,158941594,0
"params","fastapi-app-v0.139.0",50,"","","","60s",419870,5995.685091263644,7.657515921551968,7.427113,9.326028,11.560321,20.55761628999999,92.230652,80195170,155771770,0
"minimal","fastapi-app-v0.139.0",100,"","","","30s",464452,11610.008811736267,7.456667658890575,6.482480499999999,11.777377,15.706438999999989,26.73970556999997,123.686308,84530257,45051844,0
"minimal","fastapi-app-v0.139.0",200,"","","","30s",461427,11533.583885119973,15.010594132614901,10.937963,31.082328,40.68339399999994,65.22084825999995,291.570115,83979714,44758419,0
"minimal","fastapi-app-v0.139.0",500,"","","","30s",437938,10940.951808503556,39.60156344418547,28.2794295,93.593015,124.51286999999988,199.14035653000005,570.29558,79704716,42479986,0
"nested","fastapi-app-v0.139.0",100,100,1,"","60s",136560,1949.656795262711,45.81770602015255,46.6778815,67.36946990000001,76.08784799999998,106.42509419,266.861482,534222720,16114080,0
"nested","fastapi-app-v0.139.0",50,100,1,"","60s",142128,2029.8142592539548,21.61682424672813,20.747346999999998,34.496397,39.032093749999994,53.997489990000076,222.942378,556004736,16771104,0
"nested","fastapi-app-v0.139.0",100,100,2,"","60s",131976,1884.0195494824313,47.49056003114985,48.207509,69.776377,79.57092899999999,111.94807525,255.411787,635068512,15573168,0
"nested","fastapi-app-v0.139.0",50,100,2,"","60s",136207,1944.9989838465926,22.526256032112947,21.623349,35.9204,40.705026999999994,57.72779820000001,195.579263,655428084,16072426,0
"nested","fastapi-app-v0.139.0",100,100,3,"","60s",129393,1846.9946445307933,48.35499413876322,49.412407,71.219002,80.86019499999999,111.01955432000001,260.847052,739092816,15268374,0
"nested","fastapi-app-v0.139.0",50,100,3,"","60s",133337,1903.7328240228921,23.0338856858415,22.150554,36.405330600000006,41.29330399999999,58.72185863999993,265.974108,761620944,15733766,0
"post","fastapi-app-v0.139.0",100,100,"","","60s",89602,1278.7198245224552,69.45445395923058,70.661619,103.66914710000006,116.96880094999999,162.3501010000003,312.364762,1148070426,20877266,0
"post","fastapi-app-v0.139.0",200,100,"","","60s",87236,1243.7391226917605,137.7261505506417,140.0717775,208.2428975,236.75179874999998,327.43817314999995,896.067878,1117754868,20325988,0
"post","fastapi-app-v0.139.0",50,100,"","","60s",91177,1301.7607659080047,33.38232205409287,33.099596,50.775050000000014,58.313668,80.89147544000001,257.242889,1168250901,21244241,0
"post","fastapi-app-v0.139.0",100,10,"","","60s",425074,6071.352315363019,14.974668051454477,12.212519,27.3742884,34.00600049999999,52.97791580000004,173.580595,586602120,98617168,0
"post","fastapi-app-v0.139.0",200,10,"","","60s",435925,6224.897303830868,29.30376088168644,25.829857,50.391374,58.299892,86.39544560000002,337.723133,601576500,101134600,0
"post","fastapi-app-v0.139.0",50,10,"","","60s",469957,6712.950102040013,6.705851021108502,5.58222,11.477140400000003,15.420691999999988,23.154426800000003,93.550766,648540660,109030024,0
"perf-test","fastify-app-v5.10.0",1,100,"","","60s",5773,82.46336712583143,4.976312992897981,5.323932,6.0360868000000005,6.598448399999995,9.762226399999971,24.640609,421215399,2938457,0
"perf-test","fastify-app-v5.10.0",100,100,"","","60s",11470,162.6276279654656,452.3665171368798,423.295302,808.659562,966.8300935499999,1295.06694841,2256.684816,836885610,5838230,0
"perf-test","fastify-app-v5.10.0",200,100,"","","60s",11565,162.67198516202615,842.7818411073939,775.032566,1561.0747305999998,1899.5660995999995,2749.517559280004,4163.026786,843817095,5886585,0
"perf-test","fastify-app-v5.10.0",50,100,"","","60s",11598,164.70979334097933,207.60188991972788,183.0740485,399.8478197000001,496.65700249999986,714.3226049000002,1245.555608,846224874,5903382,0
"perf-test","fastify-app-v5.10.0",1,10,"","","60s",23150,330.695247593606,1.6869290324406097,1.435385,2.710288900000001,2.9327560999999998,4.025111409999997,21.937325,170823850,11760200,0
"perf-test","fastify-app-v5.10.0",100,10,"","","60s",99399,1418.5894670353491,62.72973021089827,63.869046,91.7383736,104.3965361,146.22986038,745.551362,733465221,50494692,0
"perf-test","fastify-app-v5.10.0",200,10,"","","60s",97087,1384.4243917328067,117.56730456539118,121.527959,181.9499116,200.53708460000001,270.07608891999985,1075.465157,716404973,49320196,0
"perf-test","fastify-app-v5.10.0",50,10,"","","60s",101290,1446.376952775002,30.10600734805023,29.96122,46.0484231,51.99667349999999,68.6726641,323.493549,747418910,51455320,0
"perf-test","fastify-app-v5.10.0",1,1,"","","60s",52632,751.8662215524275,1.0885552088653188,0.9730975,1.7065140000000003,1.9362284999999988,2.601676290000001,30.49295,47579328,26684424,0
"perf-test","fastify-app-v5.10.0",100,1,"","","60s",180901,2582.92996180997,35.727477543611506,32.843782,73.918269,86.789877,113.362521,579.912022,163534504,91716807,0
"perf-test","fastify-app-v5.10.0",200,1,"","","60s",180941,2582.2466462362045,71.68042525134217,71.06915,112.919367,125.102606,152.16320000000002,294.093724,163570664,91737087,0
"perf-test","fastify-app-v5.10.0",50,1,"","","60s",185109,2643.720066201266,17.362073226477502,15.946655,33.905277,40.573455,55.04037820000005,291.796691,167338536,93850263,0
"perf-test","fastify-app-v5.10.0",1,500,"","","60s",1315,18.761933365779704,19.661365952851682,20.363182,22.813749,24.855446699999998,31.21086293999999,50.560806,484247435,669335,0
"perf-test","fastify-app-v5.10.0",100,500,"","","60s",2455,34.189812659636104,865.930881815071,796.321835,1515.637785,1696.1789202999994,2095.0422898800007,3051.663565,904051295,1249595,0
"perf-test","fastify-app-v5.10.0",200,500,"","","60s",2505,34.013221145474006,1781.6881404051896,1637.163059,3144.6142374,3420.0094641999976,4156.12893648,5753.003058,922463745,1275045,0
"perf-test","fastify-app-v5.10.0",50,500,"","","60s",2450,34.56992657767387,409.1160622938776,369.0693425,711.0954717999998,807.7867899999999,1066.5855435799997,1426.771114,902210050,1247050,0
"large","fastify-app-v5.10.0",25,"","",100,"60s",97217,1388.52381299916,15.393031675149341,13.822081,27.11504900000001,32.1198046,42.330792239999994,121.239966,9973297596,11179955,0
"large","fastify-app-v5.10.0",50,"","",100,"60s",96799,1382.2368746239015,31.825173776774594,30.505483,50.026621199999994,60.465973899999995,83.67014680000004,234.475855,9930415812,11131885,0
"large","fastify-app-v5.10.0",25,"","",500,"60s",22105,315.36248884236204,67.44922926776738,66.399795,93.78680960000001,104.45775299999998,140.6269048399998,302.512698,11321915740,2542075,0
"large","fastify-app-v5.10.0",50,"","",500,"60s",22222,316.7833741851907,140.27832437687965,140.1568255,196.38526600000006,219.939504,283.6387119000002,447.359968,11381841736,2555530,0
"params","fastify-app-v5.10.0",100,"","","","60s",822791,11753.328114806569,7.7865623913253295,7.492783,12.363145,16.55896,26.339105999999983,146.937987,195001467,304432670,0
"params","fastify-app-v5.10.0",200,"","","","60s",824259,11773.43658243287,15.108132907741677,14.334129,25.091701000000015,33.498636000000005,46.995765600000006,146.37498,195349383,304975830,0
"params","fastify-app-v5.10.0",50,"","","","60s",874658,12493.695273758301,3.6401047500828354,3.3612335,5.718443000000001,7.688416649999997,13.152436569999994,56.892327,207293946,323623460,0
"minimal","fastify-app-v5.10.0",100,"","","","30s",649795,16243.078267430603,5.222413210324758,4.094464,11.079408999999997,13.3290303,22.284765399999962,93.454131,142954900,62380320,0
"minimal","fastify-app-v5.10.0",200,"","","","30s",609056,15214.399127680632,10.453687305578018,8.791821500000001,19.8180155,25.82631,39.99154149999998,98.151408,133992320,58469376,0
"minimal","fastify-app-v5.10.0",500,"","","","30s",527572,13180.259693815182,31.760851023704213,29.203451,57.28918300000005,74.78186649999996,91.50830179999998,137.265896,116065840,50646912,0
"nested","fastify-app-v5.10.0",100,100,1,"","60s",112133,1600.4349831479383,54.87306709181908,55.103979,84.795257,96.77083899999997,138.79859939999997,248.869261,387755914,13119561,0
"nested","fastify-app-v5.10.0",50,100,1,"","60s",117362,1675.7818328920885,25.80679359462157,25.2266355,40.82343190000002,46.58637399999999,64.78195949999999,206.078635,405837796,13731354,0
"nested","fastify-app-v5.10.0",100,100,2,"","60s",91060,1299.5076115540442,65.93460105281214,65.0444675,107.46637510000001,133.79038605000002,193.21975071000008,424.118373,369521480,10654020,0
"nested","fastify-app-v5.10.0",50,100,2,"","60s",93419,1333.547477046803,31.50034729386971,30.016357,51.8033658,63.162712999999954,95.06529441999987,330.094252,379094302,10930023,0
"nested","fastify-app-v5.10.0",100,100,3,"","60s",76578,1092.0660243313437,77.29098711588126,75.36619350000001,130.3632697,164.3048744999998,238.84292379999985,533.76799,356700324,8959626,0
"nested","fastify-app-v5.10.0",50,100,3,"","60s",79995,1141.8341319532863,36.05892883342739,32.37034,64.2588504,83.44982230000002,125.94732359999979,308.708862,372616710,9359415,0
"post","fastify-app-v5.10.0",100,100,"","","60s",37505,533.9316819348987,153.5664083193165,149.152303,274.441557,337.4912361999996,479.2032628399999,894.849351,384763795,8701160,0
"post","fastify-app-v5.10.0",200,100,"","","60s",36976,524.6850341912984,262.3175156011727,252.863047,465.475975,558.594585,783.58652925,1618.353331,379336784,8578432,0
"post","fastify-app-v5.10.0",50,100,"","","60s",38052,542.5357742338311,74.97227921525752,70.89236149999999,131.88262,164.6830565,226.3807338999998,443.457332,390375468,8828064,0
"post","fastify-app-v5.10.0",100,10,"","","60s",268834,3839.167112358791,23.53048587455102,22.0612495,39.1463167,44.30869819999999,55.350215699999865,134.453278,313191610,62100654,0
"post","fastify-app-v5.10.0",200,10,"","","60s",256781,3664.1158620318593,48.25916704110116,47.277188,76.183025,83.410141,104.0070472,237.116386,299149865,59316411,0
"post","fastify-app-v5.10.0",50,10,"","","60s",287847,4110.967316979502,10.803293645756357,9.270768,22.042344,26.039384300000005,32.93036445999999,97.496622,335341755,66492657,0
"perf-test","go-app-v1.26",1,100,"","","60s",6916,98.79908931515999,3.6756082559282817,3.9445525,5.130408,5.57001625,7.2369645000000125,14.560232,507074204,3471832,0
"perf-test","go-app-v1.26",100,100,"","","60s",12974,184.03932448824187,418.81770722375524,394.6399285,742.2251150000002,886.2875321499993,1211.3616207,1995.088991,951240706,6512948,0
"perf-test","go-app-v1.26",200,100,"","","60s",13141,183.63310043136303,771.7862573012661,751.659507,1334.183299,1631.787383,2179.9611982000006,4182.327186,963484979,6596782,0
"perf-test","go-app-v1.26",50,100,"","","60s",13133,186.59515163872538,190.7069261621874,170.963384,367.56653520000015,446.9961135999999,618.2589044400002,1070.175529,962898427,6592766,0
"perf-test","go-app-v1.26",1,10,"","","60s",32027,457.51354840912137,1.2047723855809207,0.908518,1.9651504000000002,2.272810999999998,3.0833100799999955,10.401703,236199125,16045527,0
"perf-test","go-app-v1.26",100,10,"","","60s",110995,1583.384222116305,56.43424467311092,58.427385,82.1813946,91.75445599999998,120.26285973999998,243.736072,818588125,55608495,0
"perf-test","go-app-v1.26",200,10,"","","60s",108648,1548.8248871707074,110.16878348895563,115.647517,163.61492,180.79848685,229.97685916999993,460.722582,801279000,54432648,0
"perf-test","go-app-v1.26",50,10,"","","60s",113583,1621.4892286860093,27.036157184684665,26.638491,42.4675742,47.931319899999984,62.41921437999989,133.58337,837674625,56905083,0
"perf-test","go-app-v1.26",1,1,"","","60s",64883,926.885048218669,0.9067584399457489,0.751399,1.2527866000000005,1.5526609999999998,2.1352364000000006,10.079149,54826135,32441500,0
"perf-test","go-app-v1.26",100,1,"","","60s",206466,2947.956141684711,31.281669741584846,29.438314499999997,62.5941165,76.7236475,97.00540935000004,189.680822,174463770,103233000,0
"perf-test","go-app-v1.26",200,1,"","","60s",206187,2942.8081611175767,62.8791779510058,63.463845,96.267388,108.61681429999999,130.8845083999999,1217.604656,174228015,103093500,0
"perf-test","go-app-v1.26",50,1,"","","60s",213455,3048.786273219847,15.041493060799455,13.979452,29.406197000000006,36.47445669999999,47.877317399999946,103.009977,180369475,106727500,0
"perf-test","go-app-v1.26",1,500,"","","60s",1510,21.55842932176434,16.13721950993378,16.5712835,19.448891,20.821498,28.91059086000006,44.006413,559008040,758020,0
"perf-test","go-app-v1.26",100,500,"","","60s",2786,38.87441296858453,814.9596820800447,739.742886,1420.6748054999998,1627.631813,2061.537016500001,3239.775936,1031388344,1398572,0
"perf-test","go-app-v1.26",200,500,"","","60s",2824,38.663743759909316,1664.6712759918578,1518.5657725,2929.443642600003,3279.3331411,3930.98873432,8316.850425,1045456096,1417648,0
"perf-test","go-app-v1.26",50,500,"","","60s",2779,39.20074294598828,399.54711933141436,359.506456,701.7160670000004,801.668281,1041.2202535599993,1914.812657,1028796916,1395058,0
"large","go-app-v1.26",25,"","",100,"60s",99899,1426.8009895803661,14.781035573319109,13.733501,25.424815,29.568543099999996,40.66812182,127.294857,10244043056,10789092,0
"large","go-app-v1.26",50,"","",100,"60s",99113,1415.2361049795732,30.889502018625425,30.389193,47.7001778,55.12143399999998,79.00950600000029,214.028326,10163443472,10704204,0
"large","go-app-v1.26",25,"","",500,"60s",23451,334.68161703027874,59.596832711099474,57.220507,95.86184,111.2621455,144.5100725,255.966204,12010288944,2532708,0
"large","go-app-v1.26",50,"","",500,"60s",23935,341.1011478044503,124.32438961704625,122.75451,190.17625500000003,227.5412313,298.0968228,664.902244,12258166640,2584980,0
"params","go-app-v1.26",100,"","","","60s",1048350,14974.914771413536,5.7810351282176935,4.646348,12.1893909,14.319103499999999,22.94154541,75.399156,183461250,380551050,0
"params","go-app-v1.26",200,"","","","60s",970790,13866.406003780547,10.976309671232663,9.327817,20.557554,26.50399394999997,40.400749409999996,116.156617,169888250,352396770,0
"params","go-app-v1.26",50,"","","","60s",1081499,15449.03121707921,2.929684963243784,2.405092,5.903930000000001,7.1326469,11.766341620000002,49.329125,189262325,392584137,0
"minimal","go-app-v1.26",100,"","","","30s",675345,16881.603601849194,5.0060780878780005,3.925655,10.871005,12.921237199999998,20.808409639999947,55.316543,108655173,60105705,0
"minimal","go-app-v1.26",200,"","","","30s",629845,15736.475795109396,9.961714717220843,8.389863,18.9558234,24.75845799999997,38.438999999999936,91.967988,101334812,56056205,0
"minimal","go-app-v1.26",500,"","","","30s",544918,13612.602323851224,30.54007833807937,28.098525000000002,55.391541700000005,72.96270964999998,89.22336986999966,165.789569,87670673,48497702,0
"nested","go-app-v1.26",100,100,1,"","60s",140496,2005.0800139000578,44.48858767290189,45.913694,65.903353,73.22640925,99.75426454999995,194.692039,549901344,15454560,0
"nested","go-app-v1.26",50,100,1,"","60s",147445,2105.7824895862946,20.781025383743096,20.106379,34.0745824,38.356638999999994,49.347575319999955,218.101071,577099730,16218950,0
"nested","go-app-v1.26",100,100,2,"","60s",135252,1929.975723341058,46.11819405434232,47.46432,68.35030900000002,76.57420779999998,105.64996679999996,200.049163,651238380,14877720,0
"nested","go-app-v1.26",50,100,2,"","60s",139451,1991.0585809498696,22.030687631813127,21.321961,35.926886,40.46935,52.833183500000004,191.975516,671456565,15339610,0
"nested","go-app-v1.26",100,100,3,"","60s",131973,1883.8926148942105,47.28272949608602,48.790581,69.8726418,78.41203859999999,106.77882323999998,224.056505,754225695,14517030,0
"nested","go-app-v1.26",50,100,3,"","60s",138008,1970.6024996213155,22.250115143745155,21.6212565,36.2105927,40.713784849999996,51.92668362999986,179.238479,788715720,15180880,0
"post","go-app-v1.26",100,100,"","","60s",91198,1300.733842370571,68.23207069022278,69.249708,102.638805,114.26973535,159.14027069999995,318.692427,1168702370,20519550,0
"post","go-app-v1.26",200,100,"","","60s",89079,1269.6718541617834,121.27699326342945,125.869972,197.873259,215.65422189999995,296.07227638000023,694.156703,1141547385,20042775,0
"post","go-app-v1.26",50,100,"","","60s",93765,1338.475060179565,32.452610687154014,32.333989,50.0378726,57.116456,78.22635720000004,225.343968,1201598475,21097125,0
"post","go-app-v1.26",100,10,"","","60s",504005,7198.258745675439,12.517327071322729,11.345666,22.91256440000001,28.33499039999999,38.55305348000001,83.703668,687462820,112897120,0
"post","go-app-v1.26",200,10,"","","60s",461786,6594.848234138335,27.047888608339495,24.8308905,47.13104,54.2246935,66.8915235,147.607178,629876104,103440064,0
"post","go-app-v1.26",50,10,"","","60s",531946,7598.40724015977,5.902603237852841,4.869703,12.423972,14.606344,20.50351795000007,64.824475,725574344,119155904,0
"perf-test","java25-spring-boot-v4.1.0",1,100,"","","60s",5992,85.5943014481085,4.739553931408542,4.206161,6.430149999999999,6.710513949999999,9.416513600000009,23.082212,437297281,3085880,0
"perf-test","java25-spring-boot-v4.1.0",100,100,"","","60s",11785,166.74675593060425,441.7787340030554,420.188566,788.6098978000002,932.2017143999996,1259.9651735199998,2411.732768,860070915,6069275,0
"perf-test","java25-spring-boot-v4.1.0",200,100,"","","60s",11818,166.10632720220823,860.5410501345432,813.3726105000001,1525.8856044000004,1861.0995772499996,2622.6766703,4724.154631,862477659,6086270,0
"perf-test","java25-spring-boot-v4.1.0",50,100,"","","60s",11840,168.4067130155646,203.3325603560815,179.97094650000003,395.21261180000005,488.9307664499996,710.1996334600007,1388.894821,864084986,6097600,0
"perf-test","java25-spring-boot-v4.1.0",1,10,"","","60s",28662,409.4447758642992,1.3466699086246559,0.9984615,2.402175,2.5788529999999996,3.4612673999999997,10.262624,210183880,14732268,0
"perf-test","java25-spring-boot-v4.1.0",100,10,"","","60s",101320,1445.6997137057883,60.95206814243001,62.367686,89.56745620000001,101.41455599999998,134.6865768899999,276.194444,742997876,52078480,0
"perf-test","java25-spring-boot-v4.1.0",200,10,"","","60s",99350,1416.326020390757,118.1125652696928,122.526458,179.33433100000002,199.75013194999994,260.8982312099997,655.898528,728550479,51065900,0
"perf-test","java25-spring-boot-v4.1.0",50,10,"","","60s",104289,1489.3434062145573,29.038890855938472,28.713753,45.094226,50.99007399999999,66.89257648,412.624689,764770617,53604546,0
"perf-test","java25-spring-boot-v4.1.0",1,1,"","","60s",54086,772.6498475193583,1.064936506803983,0.8961079999999999,1.5484845,1.8615949999999999,2.5808055000000008,29.71406,46416048,27746118,0
"perf-test","java25-spring-boot-v4.1.0",100,1,"","","60s",189812,2710.432734873398,34.03507394279614,32.05257,68.16572889999999,79.94642449999999,104.58722759999993,195.455902,162893789,97373556,0
"perf-test","java25-spring-boot-v4.1.0",200,1,"","","60s",189436,2703.5562996010467,68.41247434464941,68.81574549999999,107.911922,119.3230195,148.18677439999993,279.558908,162570364,97180668,0
"perf-test","java25-spring-boot-v4.1.0",50,1,"","","60s",194104,2772.312035182498,16.541654090348327,15.475497,31.696667700000003,38.62434600000002,50.4750623,99.194541,166577579,99575352,0
"perf-test","java25-spring-boot-v4.1.0",1,500,"","","60s",1282,18.310799458920012,20.877490505460205,22.914292,24.278831,27.073240450000004,36.42988952000001,46.421261,472485174,660230,0
"perf-test","java25-spring-boot-v4.1.0",100,500,"","","60s",2502,34.92788787703528,859.427324705835,798.6072595,1444.9080743000002,1621.13155625,2044.2859472299997,2734.779438,922119606,1288530,0
"perf-test","java25-spring-boot-v4.1.0",200,500,"","","60s",2541,34.52033974327793,1750.0722837146784,1610.867077,2959.736574,3409.221783,4215.484928599994,5960.832895,936493173,1308615,0
"perf-test","java25-spring-boot-v4.1.0",50,500,"","","60s",2484,35.02904331226129,411.9324053570863,370.992252,712.3401246000002,813.7005192499998,1016.4133996200003,1902.180144,915485652,1279260,0
"large","java25-spring-boot-v4.1.0",25,"","",100,"60s",95347,1361.8086870799873,15.410520077275601,14.374309,26.095607000000005,30.313304,42.569655399999974,141.193587,9786052609,11536987,0
"large","java25-spring-boot-v4.1.0",50,"","",100,"60s",94829,1353.8306577958326,32.06032200991289,31.38566,49.9027702,58.32951439999998,81.72131716,218.999779,9732886800,11474309,0
"large","java25-spring-boot-v4.1.0",25,"","",500,"60s",22237,317.29809825353203,62.85003922655961,58.834432,104.0471694,123.27496700000002,163.38272635999994,342.015287,11399490703,2690677,0
"large","java25-spring-boot-v4.1.0",50,"","",500,"60s",22608,322.26332770348216,131.0435895601999,128.05319,206.56288699999988,244.16467699999987,325.25669999999997,582.3135,11589678507,2735568,0
"params","java25-spring-boot-v4.1.0",100,"","","","60s",936331,13374.020444582446,6.573692425031412,5.414171,13.485092,15.8321375,24.9688977,73.682252,179016187,352060456,0
"params","java25-spring-boot-v4.1.0",200,"","","","60s",865097,12356.583056729043,13.24632443815981,11.771749,23.507701,30.258622999999996,44.77928636000004,113.427899,165396015,325276472,0
"params","java25-spring-boot-v4.1.0",50,"","","","60s",966348,13801.800057263665,3.274833149326098,2.70311,6.4959873,7.802628499999999,12.53792450000006,64.407572,184755590,363346848,0
"minimal","java25-spring-boot-v4.1.0",100,"","","","30s",592255,14803.049505290772,5.726923385102522,4.556583,12.1679206,14.458544999999997,23.170626799999944,68.419634,103164014,60410010,0
"minimal","java25-spring-boot-v4.1.0",200,"","","","30s",558271,13952.493301410766,11.530090895805309,9.994808,21.47498,27.3663755,41.44173400000006,84.733842,97243293,56943642,0
"minimal","java25-spring-boot-v4.1.0",500,"","","","30s",514401,12852.868036275024,32.48318669969967,29.977158,57.135337,75.154536,93.536804,206.509071,89599064,52468902,0
"nested","java25-spring-boot-v4.1.0",100,100,1,"","60s",111027,1584.3579424691525,55.16963948609791,55.558797,84.7779634,97.07788329999997,134.37731560000014,363.657503,389835861,13656321,0
"nested","java25-spring-boot-v4.1.0",50,100,1,"","60s",116281,1660.536864612028,25.774884524857836,25.097492,41.122556,47.079504,65.25508199999997,152.208785,408284232,14302563,0
"nested","java25-spring-boot-v4.1.0",100,100,2,"","60s",91178,1301.1120352599594,65.61194125038932,63.5822895,108.95079170000001,136.17666099999997,195.71203856999978,613.132911,383966860,11214894,0
"nested","java25-spring-boot-v4.1.0",50,100,2,"","60s",93242,1331.22151773685,31.49807239093918,29.970708000000002,52.03605120000001,63.176928,93.33782829999997,220.266241,392659276,11468766,0
"nested","java25-spring-boot-v4.1.0",100,100,3,"","60s",76162,1086.8044894812392,77.88846767029519,77.15842699999999,132.45994090000005,162.15023945,231.16804319,462.558247,374121120,9367926,0
"nested","java25-spring-boot-v4.1.0",50,100,3,"","60s",79193,1130.6734944505947,36.08962337187605,32.609029,63.855682800000025,82.07079699999997,123.54967548,303.104868,389010532,9740739,0
"post","java25-spring-boot-v4.1.0",100,100,"","","60s",37402,532.9204659542216,151.59822903473102,142.1296785,287.90465400000005,352.72008599999987,497.1507934099999,1140.892238,427099499,8901676,0
"post","java25-spring-boot-v4.1.0",200,100,"","","60s",36773,522.6970990821986,285.8630061229976,277.260426,506.2671202000001,618.4645646000001,900.4260107199998,1888.31945,419915523,8751974,0
"post","java25-spring-boot-v4.1.0",50,100,"","","60s",38291,546.3787534498186,74.04081202018776,70.161807,130.555595,164.054857,226.47554079999986,455.667809,437251579,9113258,0
"post","java25-spring-boot-v4.1.0",100,10,"","","60s",265359,3788.3018592449844,23.658732523716736,22.188971,39.420521,44.690878099999985,55.79267099999996,126.165833,328829277,62890083,0
"post","java25-spring-boot-v4.1.0",200,10,"","","60s",254972,3639.586950393673,47.452165731432885,46.6644365,75.54799399999999,82.67575349999998,103.22224810000003,348.172906,315956934,60428364,0
"post","java25-spring-boot-v4.1.0",50,10,"","","60s",281132,4015.1524165006826,10.997469506655232,9.3882325,22.7421099,26.91042345,33.640180310000005,90.535366,348375558,66628284,0
"perf-test","net10-minapi-dapper-jit",1,100,"","","60s",6255,89.34940492552242,4.333718547082339,4.975673,5.568798,5.8676023,7.875575680000001,22.788613,448195770,3371445,0
"perf-test","net10-minapi-dapper-jit",100,100,"","","60s",11577,163.789775266416,455.5943763741905,423.311087,835.4622697999998,990.5439267999988,1390.7209049199994,2036.545084,829538358,6240003,0
"perf-test","net10-minapi-dapper-jit",200,100,"","","60s",11827,166.36496387267186,871.1783112017371,824.983581,1482.526282,1804.0798845999996,2426.1161344999978,4149.27101,847451854,6374753,0
"perf-test","net10-minapi-dapper-jit",50,100,"","","60s",11865,168.8340985448661,205.55523763826372,180.65919,400.3446296,481.6299911999998,732.1017884800013,1560.60472,850174712,6395235,0
"perf-test","net10-minapi-dapper-jit",1,10,"","","60s",20869,298.10506892714466,1.9480186271982267,1.583763,2.9102044000000005,3.1542935999999995,4.25983772,84.911155,150945477,11227522,0
"perf-test","net10-minapi-dapper-jit",100,10,"","","60s",99617,1421.7592478007791,62.71724735854347,64.039769,91.13503700000001,103.52059279999999,142.92013,1285.378841,720529761,53593946,0
"perf-test","net10-minapi-dapper-jit",200,10,"","","60s",99227,1414.97149229447,119.06534316995415,124.04355,179.09222280000003,197.31055699999996,259.09591020000045,671.426726,717708891,53384126,0
"perf-test","net10-minapi-dapper-jit",50,10,"","","60s",102486,1463.5510689608127,29.786119367455292,29.664301000000002,45.677796,51.5643625,67.88165384999999,193.011401,741281238,55137468,0
"perf-test","net10-minapi-dapper-jit",1,1,"","","60s",40762,582.2765861085811,1.3596624803984108,1.2177265,2.1939309000000002,2.349459,3.0825613899999995,21.571552,35789036,21889194,0
"perf-test","net10-minapi-dapper-jit",100,1,"","","60s",157953,2255.2403710452804,40.95665388624421,36.197284,86.88477500000003,102.89252259999994,123.19149120000002,540.551771,138682734,84820761,0
"perf-test","net10-minapi-dapper-jit",200,1,"","","60s",156796,2237.2673726622447,82.75430407609315,82.028867,131.1485625,147.02884,177.24322754999992,285.059449,137666888,84199452,0
"perf-test","net10-minapi-dapper-jit",50,1,"","","60s",159849,2282.9363784726975,20.137990914093596,17.576192,42.29735120000001,50.2105696,61.64275107999999,114.973128,140347422,85838913,0
"perf-test","net10-minapi-dapper-jit",1,500,"","","60s",1420,20.279114180030387,15.81621715774646,17.090647500000003,18.2143851,19.812830449999986,27.171022889999985,38.279211,513696738,765380,0
"perf-test","net10-minapi-dapper-jit",100,500,"","","60s",2455,34.173471522832614,849.5526134183277,785.125776,1447.5611944,1646.0494896999999,2047.073637500002,2880.040783,888118425,1323245,0
"perf-test","net10-minapi-dapper-jit",200,500,"","","60s",2546,34.38960150370448,1761.4489787639407,1596.331811,3147.1180750000003,3550.41375625,4390.16680285,6879.773815,921040038,1372294,0
"perf-test","net10-minapi-dapper-jit",50,500,"","","60s",2495,35.13455285007467,408.43000055310597,368.841635,723.880067,817.7977617999998,1077.2491892,1515.938954,902588510,1344805,0
"large","net10-minapi-dapper-jit",25,"","",100,"60s",95455,1363.2885285996456,15.7566975792991,13.272354,30.667411600000026,35.304540300000006,44.28469286000009,119.387038,9792251175,11359145,0
"large","net10-minapi-dapper-jit",50,"","",100,"60s",95769,1367.360229447207,32.58556167059301,27.339798,67.015574,75.16307139999998,93.9052637999998,224.014173,9824462865,11396511,0
"large","net10-minapi-dapper-jit",25,"","",500,"60s",22216,317.0421383162913,67.06517451413383,65.848067,95.32991200000001,105.6422615,137.19538444999915,326.363573,11378701960,2643704,0
"large","net10-minapi-dapper-jit",50,"","",500,"60s",22551,321.43622996028176,138.4580038237773,139.690991,191.891764,212.62217099999998,254.062453,406.183169,11550283935,2683569,0
"params","net10-minapi-dapper-jit",100,"","","","60s",778318,11117.849716709385,8.24796040717137,7.847942,13.0220843,17.16965735,26.65894636999997,225.739851,175121550,291090932,0
"params","net10-minapi-dapper-jit",200,"","","","60s",774829,11067.422367989353,16.409028587041767,15.554525,26.34805280000001,35.1092296,48.83512971999993,159.105465,174336525,289786046,0
"params","net10-minapi-dapper-jit",50,"","","","60s",851293,12160.83291255677,3.7419680467370857,3.392838,5.918433200000001,7.8759307999999955,13.741320879999993,92.387772,191540925,318383582,0
"minimal","net10-minapi-dapper-jit",100,"","","","30s",615303,15378.311231726442,5.55769932493578,4.479201,11.2003002,13.996641900000002,22.74429739999999,78.772901,132837363,61530300,0
"minimal","net10-minapi-dapper-jit",200,"","","","30s",561816,14043.228469601772,11.41987975573297,9.682718,21.454169,27.8803405,42.11019065,99.0844,121289854,56181600,0
"minimal","net10-minapi-dapper-jit",500,"","","","30s",508085,12694.97867944425,32.62902584027658,30.172639,57.65992500000002,74.825304,92.53214319999996,178.207891,109689297,50808500,0
"nested","net10-minapi-dapper-jit",100,100,1,"","60s",112166,1600.6696732240673,54.73781623737202,55.158188499999994,84.9904635,97.42036875,137.11038685000003,277.395224,397628470,13572086,0
"nested","net10-minapi-dapper-jit",50,100,1,"","60s",115478,1648.874480737525,26.125524797381036,25.432858500000002,41.7632283,48.06898985,69.27621273999999,187.507598,409369510,13972838,0
"nested","net10-minapi-dapper-jit",100,100,2,"","60s",91534,1306.2387694487286,65.93030254102258,64.601584,107.97224469999996,135.12580964999987,193.07805199999981,419.755485,388561830,11075614,0
"nested","net10-minapi-dapper-jit",50,100,2,"","60s",93658,1337.2736835417388,31.598416338433434,30.1078915,51.9918697,63.11073899999999,93.75212989999996,252.64189,397578210,11332618,0
"nested","net10-minapi-dapper-jit",100,100,3,"","60s",76319,1089.0137944013911,78.08341522327376,76.329213,133.44512879999996,168.2008288999999,238.46655559999977,562.048883,377931688,9234599,0
"nested","net10-minapi-dapper-jit",50,100,3,"","60s",79683,1137.5716919385818,36.37107574150028,33.006356,63.49783520000002,81.77127299999997,122.9491191999998,320.925726,394590216,9641643,0
"post","net10-minapi-dapper-jit",100,100,"","","60s",37438,533.2388644068111,154.01769148629643,147.246638,284.05392500000005,351.04806165,496.3765147999993,943.271214,429002042,8835368,0
"post","net10-minapi-dapper-jit",200,100,"","","60s",36481,517.0809513392581,298.8649956054906,294.881157,509.760411,615.854914,883.2945417999998,1788.891662,418035779,8609516,0
"post","net10-minapi-dapper-jit",50,100,"","","60s",38246,545.4733212342294,74.71816094054331,70.6477375,132.6463975,165.8320255,237.7943304500002,461.416797,438260914,9026056,0
"post","net10-minapi-dapper-jit",100,10,"","","60s",266868,3810.0519596842523,23.709675148890028,22.324306999999997,39.358306000000006,44.35798585,55.00122563000002,217.786712,339722964,62713980,0
"post","net10-minapi-dapper-jit",200,10,"","","60s",256309,3659.7385964241744,47.35284646967948,46.69638,75.73558080000001,82.93814259999999,102.84910311999997,285.954824,326281357,60232615,0
"post","net10-minapi-dapper-jit",50,10,"","","60s",281331,4018.2141594512186,11.06762568965003,9.459517,22.904151,27.198355499999998,34.16245300000001,83.630021,358134363,66112785,0
"perf-test","net10-minapi-ef-jit",1,100,"","","60s",6375,91.05576102548541,4.0777653101176385,3.657177,5.353614,5.778705999999999,7.943717140000011,39.651617,456834092,3410625,0
"perf-test","net10-minapi-ef-jit",100,100,"","","60s",11787,166.67072628733692,445.57430610155365,420.635396,792.0600322,946.135452,1317.4447839399984,2463.483399,844700036,6306045,0
"perf-test","net10-minapi-ef-jit",200,100,"","","60s",11809,166.3046759114069,871.7268576371417,827.354802,1561.8130150000002,1973.5012024000002,2720.0732558400005,5188.262597,846239732,6317815,0
"perf-test","net10-minapi-ef-jit",50,100,"","","60s",11876,168.7225413018892,203.8904607912607,179.11048599999998,397.652742,485.52464000000003,702.5847215,1226.332016,851060246,6353660,0
"perf-test","net10-minapi-ef-jit",1,10,"","","60s",22600,322.8489179581089,1.9071830652212307,1.5510039999999998,3.119059,3.3576413999999994,4.457761899999983,48.858235,163465800,12068400,0
"perf-test","net10-minapi-ef-jit",100,10,"","","60s",100256,1430.912236014783,61.815784265321675,63.3283275,91.26987600000001,103.8644455,141.41340249999988,315.902514,725151648,53536704,0
"perf-test","net10-minapi-ef-jit",200,10,"","","60s",98605,1406.097664855068,123.77544603769378,127.29973,182.28600200000002,203.27243779999986,270.63781883999945,513.467306,713209965,52655070,0
"perf-test","net10-minapi-ef-jit",50,10,"","","60s",102782,1467.6083722092765,29.697686440048187,29.572832,45.247554,51.08832844999999,67.95396591000004,157.156405,743422206,54885588,0
"perf-test","net10-minapi-ef-jit",1,1,"","","60s",43407,620.091351382178,1.3540821307162336,1.154216,1.8677670000000002,2.2946959999999996,3.2006849400000017,10.972586,38111346,23135931,0
"perf-test","net10-minapi-ef-jit",100,1,"","","60s",156178,2229.931041998424,41.42725275201365,36.024619,87.04687570000004,105.52851034999999,130.46312420000015,687.898731,137124284,83242874,0
"perf-test","net10-minapi-ef-jit",200,1,"","","60s",155397,2217.309977533483,83.51036411433306,82.860744,133.027643,148.62536079999992,176.58000772000003,284.046123,136438566,82826601,0
"perf-test","net10-minapi-ef-jit",50,1,"","","60s",160784,2296.3091428431403,20.020009246343076,17.3836275,42.55954200000001,51.193298350000006,62.55471777000003,114.028002,141168352,85697872,0
"perf-test","net10-minapi-ef-jit",1,500,"","","60s",1477,21.09458302709885,13.95061769329722,14.520265,16.0320626,17.082612800000003,23.070510200000005,34.218832,534423668,790195,0
"perf-test","net10-minapi-ef-jit",100,500,"","","60s",2504,34.959503581271484,845.8399829476837,769.0206135,1479.9810027,1661.9495482999998,2062.195718549997,3265.583671,905975991,1339640,0
"perf-test","net10-minapi-ef-jit",200,500,"","","60s",2549,34.74110619024534,1749.599432771282,1619.921835,3038.9908280000004,3466.4101378,4313.59588556,6088.234246,922271821,1363715,0
"perf-test","net10-minapi-ef-jit",50,500,"","","60s",2480,35.02940929199517,405.3699690060482,361.833388,706.0081479999997,821.1278194499998,1154.3686881,2019.664859,897262351,1326800,0
"large","net10-minapi-ef-jit",25,"","",100,"60s",95076,1357.9028761928762,15.840612891423678,14.2443595,28.712452499999998,33.81303225,44.1068905,212.319524,9753377085,10933740,0
"large","net10-minapi-ef-jit",50,"","",100,"60s",95074,1357.5225468740757,32.761268531154606,28.865012,63.28722729999999,73.55592214999997,93.68274410000005,289.036579,9753177425,10933510,0
"large","net10-minapi-ef-jit",25,"","",500,"60s",21325,304.3206066746694,70.16757317453717,69.55406,99.21979040000001,109.64267899999997,139.11598659999981,258.01793,10922364860,2452375,0
"large","net10-minapi-ef-jit",50,"","",500,"60s",22503,320.84817108488767,138.5282227498997,140.364628,190.855957,212.14700699999997,259.4353229999999,443.582426,11525722650,2587845,0
"params","net10-minapi-ef-jit",100,"","","","60s",728367,10402.960511659112,8.826308376846898,7.852312,14.688668600000003,18.851650699999997,29.208678739999936,162.942028,163882575,269495790,0
"params","net10-minapi-ef-jit",200,"","","","60s",733255,10471.368194055722,17.47835486933667,15.701684,28.589483599999998,37.092608299999945,52.43232485999998,145.169834,164982375,271304350,0
"params","net10-minapi-ef-jit",50,"","","","60s",784831,11209.710340062296,4.063364503281484,3.337327,6.924524,9.082526,15.26849599999997,242.633138,176586975,290387470,0
"minimal","net10-minapi-ef-jit",100,"","","","30s",528217,13203.38672618389,6.53993299833015,5.766267,10.732064400000004,14.85196799999999,25.57687479999999,102.180837,114036372,50708832,0
"minimal","net10-minapi-ef-jit",200,"","","","30s",510209,12747.362295001243,13.407071558381025,11.384662,23.9903288,32.43103739999999,48.52532767999998,177.41679,110148173,48980064,0
"minimal","net10-minapi-ef-jit",500,"","","","30s",488070,12186.667170462479,34.6992816021536,31.131628,64.103736,79.9336105,99.119561,216.568711,105368709,46854720,0
"nested","net10-minapi-ef-jit",100,100,1,"","60s",109881,1568.3640488650183,56.08583580526256,56.091204,86.525342,99.40952,146.08642899999992,377.988486,389528145,12856077,0
"nested","net10-minapi-ef-jit",50,100,1,"","60s",115006,1642.4675773324125,26.23347261319402,25.5410895,41.753944000000004,48.09930225,68.84869699999996,187.991156,407696270,13455702,0
"nested","net10-minapi-ef-jit",100,100,2,"","60s",90155,1286.7347815443218,66.75813747992903,65.146922,109.90261160000004,138.67881500000001,201.1466706,392.381926,382707975,10548135,0
"nested","net10-minapi-ef-jit",50,100,2,"","60s",93375,1332.87734595596,31.58710457793855,29.991768,52.5209976,63.911574,96.44228933999999,271.481035,396376875,10924875,0
"nested","net10-minapi-ef-jit",100,100,3,"","60s",76425,1090.5598224703167,77.73561001007522,76.577732,132.13685,164.5351272,235.25173995999992,515.354796,378456600,8941725,0
"nested","net10-minapi-ef-jit",50,100,3,"","60s",78981,1127.288892560491,36.48302867452914,32.904197,64.853426,83.241253,125.01610479999998,300.184287,391113912,9240777,0
"post","net10-minapi-ef-jit",100,100,"","","60s",37588,535.1906548737721,152.48678611006162,146.1781215,280.3299750000001,345.345256,496.28416596999966,1003.91263,430721480,8720416,0
"post","net10-minapi-ef-jit",200,100,"","","60s",36391,517.0553500647653,274.72226967846535,268.304829,483.358383,562.7936575,799.3708849999999,1643.340458,417005148,8442712,0
"post","net10-minapi-ef-jit",50,100,"","","60s",38025,542.1695630807494,74.98455801183404,70.931636,131.78677299999995,163.07133679999995,228.7118126800009,447.826409,435729553,8821800,0
"post","net10-minapi-ef-jit",100,10,"","","60s",263354,3760.121567503316,24.036135949018917,22.565251,39.777244,45.080405349999985,57.2560127,177.586685,335249642,60834774,0
"post","net10-minapi-ef-jit",200,10,"","","60s",253145,3613.8406679333552,48.72998944345321,47.450817,77.020534,84.205176,106.38800155999999,607.20818,322253585,58476495,0
"post","net10-minapi-ef-jit",50,10,"","","60s",275715,3937.898005920701,11.290999055259826,9.731187,22.832347000000006,26.989898999999998,34.09438705999998,94.399583,350985195,63690165,0
"perf-test","npgsqlrest-file-aot-v3.21.0",1,100,"","","60s",6568,93.82192446957856,3.794007577192458,4.0329405000000005,4.629790000000001,5.466686149999999,7.2288592,23.334322,465618656,3566424,0
"perf-test","npgsqlrest-file-aot-v3.21.0",100,100,"","","60s",11777,166.62806013927423,446.6506661098768,426.462587,796.9603006,953.8680617999999,1261.8259869599992,2860.683338,834894024,6394911,0
"perf-test","npgsqlrest-file-aot-v3.21.0",200,100,"","","60s",11707,164.7151319371796,884.71095677099,847.810285,1495.678293,1849.9972283,2481.9877845000005,4565.346447,829931634,6356901,0
"perf-test","npgsqlrest-file-aot-v3.21.0",50,100,"","","60s",11837,168.48082930349628,205.34346846675794,183.195392,391.9241195999999,480.6547329999998,679.2509104,1355.265513,839147414,6427491,0
"perf-test","npgsqlrest-file-aot-v3.21.0",1,10,"","","60s",28765,410.9155901765515,1.3222548732487478,1.190406,2.1513426000000004,2.3368179999999996,3.3173992000000005,69.287698,206129990,15590630,0
"perf-test","npgsqlrest-file-aot-v3.21.0",100,10,"","","60s",102114,1457.3604037342038,60.9039870542836,62.315146999999996,89.49799569999999,100.88527714999995,137.18695709999974,666.050464,731399163,55345788,0
"perf-test","npgsqlrest-file-aot-v3.21.0",200,10,"","","60s",100244,1429.257043485601,116.68669395826238,121.987661,177.0807193,193.90912169999993,248.64512929999947,475.496467,718016689,54332248,0
"perf-test","npgsqlrest-file-aot-v3.21.0",50,10,"","","60s",103204,1473.5031545735162,29.602507677774238,29.389419500000002,46.0385046,51.9301305,68.5961142,156.145304,739216928,55936568,0
"perf-test","npgsqlrest-file-aot-v3.21.0",1,1,"","","60s",46063,658.0108237283343,1.1722498965113046,1.055447,1.802423,1.9350770000000004,2.8942362399999992,9.07964,39614180,24920083,0
"perf-test","npgsqlrest-file-aot-v3.21.0",100,1,"","","60s",246758,3523.9334318313727,26.128244359635737,25.079752,48.537153400000044,60.93239869999999,82.20383829999999,446.926559,212211880,133496078,0
"perf-test","npgsqlrest-file-aot-v3.21.0",200,1,"","","60s",243829,3480.500802210471,53.11615795117624,53.688404,79.59761700000003,90.90816059999997,111.60187860000002,214.597768,209692940,131911489,0
"perf-test","npgsqlrest-file-aot-v3.21.0",50,1,"","","60s",249809,3567.5189960252396,12.80303901795752,12.139121,23.469329200000008,30.577284799999994,40.533916799999915,219.181813,214835740,135146669,0
"perf-test","npgsqlrest-file-aot-v3.21.0",1,500,"","","60s",1520,21.70740587605386,12.905425561842101,13.079557000000001,14.831086,16.377472499999993,23.22249527999999,48.932393,544015600,825360,0
"perf-test","npgsqlrest-file-aot-v3.21.0",100,500,"","","60s",2512,35.001062768744724,836.0483919259544,764.177357,1451.2017832000001,1654.29040205,2086.6320432799985,2939.609796,899057320,1364016,0
"perf-test","npgsqlrest-file-aot-v3.21.0",200,500,"","","60s",2574,34.78618512397175,1724.8734258348886,1608.4909475,3003.1786220000013,3343.9897675999996,4246.63689591,5922.03084,921247400,1397682,0
"perf-test","npgsqlrest-file-aot-v3.21.0",50,500,"","","60s",2477,34.964848833340056,399.29520071376663,361.849895,710.4567162,798.0462227999998,1026.5240861599984,1828.906539,886530675,1345011,0
"large","npgsqlrest-file-aot-v3.21.0",25,"","",100,"60s",95605,1365.4185428233561,15.662397539218794,14.693779,25.5595636,29.606966000000003,40.72570704000003,106.134415,9806396060,11759415,0
"large","npgsqlrest-file-aot-v3.21.0",50,"","",100,"60s",95399,1362.151223263582,32.283992636337665,31.350399,49.263753799999996,58.30119109999999,81.62533118000002,360.253613,9785266228,11734077,0
"large","npgsqlrest-file-aot-v3.21.0",25,"","",500,"60s",22155,316.1292174105797,67.07379021494013,65.955923,97.84263200000001,109.58547899999996,137.32864913999992,278.877156,11347170660,2725065,0
"large","npgsqlrest-file-aot-v3.21.0",50,"","",500,"60s",22487,320.57533581587103,138.25897339671755,137.957829,191.63454440000004,212.8649857,272.60965099999993,427.081651,11517211764,2765901,0
"params","npgsqlrest-file-aot-v3.21.0",100,"","","","60s",950367,13574.355170610004,6.4720740269263475,5.308101,13.3360434,15.683355,25.0249146,82.802078,204328905,359238726,0
"params","npgsqlrest-file-aot-v3.21.0",200,"","","","60s",888812,12692.222189199296,12.699968396106877,11.149870499999999,22.730853,29.289664549999998,43.522406120000014,519.426321,191094580,335970936,0
"params","npgsqlrest-file-aot-v3.21.0",50,"","","","60s",1010809,14437.4599610231,3.139292350910873,2.574111,6.1425000000000045,7.4807486,12.504812800000048,185.274411,217323935,382085802,0
"minimal","npgsqlrest-file-aot-v3.21.0",100,"","","","30s",631171,15775.929673489718,5.367807100096366,4.279383,11.414224,13.6959235,22.05979200000004,58.001745,128057179,65641784,0
"minimal","npgsqlrest-file-aot-v3.21.0",200,"","","","30s",573681,14338.922840002611,11.13474171388071,9.522078,20.988571,26.805171,40.80669219999992,101.018364,116393554,59662824,0
"minimal","npgsqlrest-file-aot-v3.21.0",500,"","","","30s",521527,13031.889737824093,32.08466464642267,29.989025,55.91673140000001,74.45765969999995,90.8447636,166.680929,105811480,54238808,0
"nested","npgsqlrest-file-aot-v3.21.0",100,100,1,"","60s",110781,1581.1237432823389,55.83876491053487,56.194842,86.293531,98.698358,142.55009659999993,321.81489,393937236,13847625,0
"nested","npgsqlrest-file-aot-v3.21.0",50,100,1,"","60s",114855,1639.8953601113612,26.289567668312543,25.624464,41.9062106,48.31698599999999,68.24144313999996,174.020538,408424380,14356875,0
"nested","npgsqlrest-file-aot-v3.21.0",100,100,2,"","60s",91045,1298.76414558311,66.26232268722094,65.541528,108.024336,134.580534,187.95149799999987,397.165753,387487520,11380625,0
"nested","npgsqlrest-file-aot-v3.21.0",50,100,2,"","60s",93667,1337.1779385034145,31.604222029071344,29.947971,52.19021540000001,64.64164899999999,98.74409179999988,238.890922,398646752,11708375,0
"nested","npgsqlrest-file-aot-v3.21.0",100,100,3,"","60s",76788,1095.236141482596,77.75211916074198,75.738516,133.1948913,169.49509765,236.81375797,546.634622,380561328,9598500,0
"nested","npgsqlrest-file-aot-v3.21.0",50,100,3,"","60s",79799,1139.4033460772807,36.259099436571894,32.329017,64.74026079999999,83.89664199999991,129.04519860000002,290.31085,395483844,9974875,0
"post","npgsqlrest-file-aot-v3.21.0",100,100,"","","60s",37514,533.7963873135479,153.27434732212112,145.6812635,288.5989360000004,357.8737716499999,522.1832023300004,1050.882345,430009788,9003360,0
"post","npgsqlrest-file-aot-v3.21.0",200,100,"","","60s",36834,523.4962897976878,276.7073996580877,268.10602100000006,491.772059,594.7401140000001,817.9605294199982,1728.553248,422214698,8840160,0
"post","npgsqlrest-file-aot-v3.21.0",50,100,"","","60s",38357,547.2764171277258,74.53213779672518,70.287895,131.192621,164.11875599999993,230.79840176000016,452.196705,439668373,9205680,0
"post","npgsqlrest-file-aot-v3.21.0",100,10,"","","60s",265625,3792.8392980660096,23.830472726617927,22.407758,39.6044988,44.793593999999985,55.17730380000011,123.713704,335484375,63484375,0
"post","npgsqlrest-file-aot-v3.21.0",200,10,"","","60s",257080,3669.046287939716,47.92892760501514,47.421771,75.415372,82.23021494999998,100.25494589999998,217.700776,324692040,61442120,0
"post","npgsqlrest-file-aot-v3.21.0",50,10,"","","60s",284127,4057.7356776405977,10.95773753332509,9.443268,22.4006944,26.5413523,33.48649413999999,83.666005,358852401,67906353,0
"perf-test","npgsqlrest-file-jit-v3.21.0",1,100,"","","60s",7456,106.50749949309878,2.698916470091195,2.665336,4.039555999999999,4.278142750000001,5.762003499999997,14.674711,528570752,4048608,0
"perf-test","npgsqlrest-file-jit-v3.21.0",100,100,"","","60s",11725,166.20132164863827,448.6339005541165,425.25879,784.6921794,935.8040241999998,1290.9506848400006,2330.361307,831207750,6366675,0
"perf-test","npgsqlrest-file-jit-v3.21.0",200,100,"","","60s",11889,167.26870679038018,842.3875944325873,797.531497,1466.578352,1785.2770184,2565.8201712,4667.941105,842833718,6455727,0
"perf-test","npgsqlrest-file-jit-v3.21.0",50,100,"","","60s",11861,168.73717963626524,203.8267118103025,180.505712,397.489787,490.693922,695.3528683999986,1197.806661,840848802,6440523,0
"perf-test","npgsqlrest-file-jit-v3.21.0",1,10,"","","60s",29784,425.450197581663,1.3161341050899709,1.1680015,2.0414727,2.217235649999999,3.3220868999999866,15.197958,213432144,16142928,0
"perf-test","npgsqlrest-file-jit-v3.21.0",100,10,"","","60s",102064,1456.883526231571,61.082587733363106,62.7691,88.911886,100.11236549999997,134.9785672,427.485688,731060162,55318688,0
"perf-test","npgsqlrest-file-jit-v3.21.0",200,10,"","","60s",98752,1408.232525848781,119.61202571701892,124.4404825,181.89124490000003,201.778088,267.2013680000002,519.592248,707346419,53523584,0
"perf-test","npgsqlrest-file-jit-v3.21.0",50,10,"","","60s",102659,1465.769242388238,29.775273173369914,29.603033,45.9343138,51.951566899999996,67.56036317999997,242.004186,735333877,55641178,0
"perf-test","npgsqlrest-file-jit-v3.21.0",1,1,"","","60s",52683,752.5987138985734,1.0225291145151134,0.918987,1.6353810000000002,1.8114578999999997,2.6887132000000005,15.367991,45307380,28501503,0
"perf-test","npgsqlrest-file-jit-v3.21.0",100,1,"","","60s",242771,3466.9249313201753,26.572173292444123,25.745874,49.040484,61.175403,83.51456929999988,563.446783,208783060,131339111,0
"perf-test","npgsqlrest-file-jit-v3.21.0",200,1,"","","60s",241889,3453.101172350435,53.52731859605812,54.111864,80.6683948,90.94944959999998,113.61588472,236.458744,208024540,130861949,0
"perf-test","npgsqlrest-file-jit-v3.21.0",50,1,"","","60s",253479,3620.5044389783584,12.624010144773337,11.874452,23.239383000000004,30.39173199999999,40.675749620000005,130.15258,217991940,137132139,0
"perf-test","npgsqlrest-file-jit-v3.21.0",1,500,"","","60s",1519,21.69197289503664,12.846904325213972,13.040623,14.44587,15.9540329,23.653251359999967,80.288618,543657695,824817,0
"perf-test","npgsqlrest-file-jit-v3.21.0",100,500,"","","60s",2508,34.92129014945355,848.2008426686613,773.0614889999999,1470.2781228000008,1664.8308635,2097.2839543599976,3082.383889,897625710,1361844,0
"perf-test","npgsqlrest-file-jit-v3.21.0",200,500,"","","60s",2547,34.72135589614355,1725.7770057966225,1568.952165,3059.2125196,3415.1402639,4448.68489282,6555.252889,911583965,1383021,0
"perf-test","npgsqlrest-file-jit-v3.21.0",50,500,"","","60s",2479,34.999908580634106,409.4661911105285,364.325597,721.0764332,827.7782609999999,1075.4662753199998,1476.896339,887246485,1346097,0
"large","npgsqlrest-file-jit-v3.21.0",25,"","",100,"60s",95769,1367.7169424583226,15.61472230755252,14.843907,25.113081999999995,29.255960599999995,41.91171479999999,375.09404,9823217868,11779587,0
"large","npgsqlrest-file-jit-v3.21.0",50,"","",100,"60s",95805,1367.9695063006639,32.0438837036685,31.17398,48.818901400000016,57.926121200000004,85.52964340000007,227.127264,9826910460,11784015,0
"large","npgsqlrest-file-jit-v3.21.0",25,"","",500,"60s",22225,317.172487136996,66.87766239689518,66.082182,95.47915040000002,106.14273499999999,136.08805016,270.952344,11383022700,2733675,0
"large","npgsqlrest-file-jit-v3.21.0",50,"","",500,"60s",22623,322.54240000847824,137.68697987220978,138.094069,188.5465352,211.203195,263.19988839999996,387.68639,11586867156,2782629,0
"params","npgsqlrest-file-jit-v3.21.0",100,"","","","60s",958186,13685.554047686226,6.395196749134311,5.192247,13.3088225,15.61038825,24.78294500000001,90.828079,206009990,362194308,0
"params","npgsqlrest-file-jit-v3.21.0",200,"","","","60s",882352,12602.611295882398,13.000219807644505,11.5248345,23.135835,29.7737585,44.23383808999999,418.639027,189705680,333529056,0
"params","npgsqlrest-file-jit-v3.21.0",50,"","","","60s",992372,14169.499304041914,3.1975528580754906,2.6345850000000004,6.273857899999999,7.654069999999999,12.8514549,219.459795,213359980,375116616,0
"minimal","npgsqlrest-file-jit-v3.21.0",100,"","","","30s",622338,15556.145775463687,5.446873103246258,4.2964775,11.661928000000003,13.920405000000004,22.61278604,149.540964,126264934,64723152,0
"minimal","npgsqlrest-file-jit-v3.21.0",200,"","","","30s",567246,14169.75184205367,11.210251671024485,9.633028,20.976011,26.65600375,41.51841105000001,110.478353,115088341,58993584,0
"minimal","npgsqlrest-file-jit-v3.21.0",500,"","","","30s",511811,12786.821295508798,32.759989287176,30.398874,57.507401,75.4043235,93.0266831,171.524805,103840526,53228344,0
"nested","npgsqlrest-file-jit-v3.21.0",100,100,1,"","60s",110367,1575.4122388161893,55.45184884904017,55.834572,86.31825500000001,98.935729,141.79215885999994,399.397925,392465052,13795875,0
"nested","npgsqlrest-file-jit-v3.21.0",50,100,1,"","60s",114550,1635.723722373653,26.369727242077474,25.7123885,42.30278390000001,48.81006304999995,69.49952640999992,197.44063,407339800,14318750,0
"nested","npgsqlrest-file-jit-v3.21.0",100,100,2,"","60s",91119,1300.4351184989762,65.61678373537995,63.622644,109.15575999999999,139.4698459999999,200.29055061999992,482.695722,387802464,11389875,0
"nested","npgsqlrest-file-jit-v3.21.0",50,100,2,"","60s",93270,1331.8188493102584,31.776251701201122,30.283164499999998,52.78032310000002,64.7613245,93.54219988999996,195.465027,396957120,11658750,0
"nested","npgsqlrest-file-jit-v3.21.0",100,100,3,"","60s",76614,1091.3713842780905,78.21586777816029,76.068249,134.46184999999997,171.73815514999998,244.6475962999997,636.377374,379698984,9576750,0
"nested","npgsqlrest-file-jit-v3.21.0",50,100,3,"","60s",79483,1134.6764268211134,36.26957516855171,32.689065,65.15469300000004,84.12380989999997,123.81032483999888,299.964666,393917748,9935375,0
"post","npgsqlrest-file-jit-v3.21.0",100,100,"","","60s",37538,534.8286815001981,152.67676504659352,146.6409955,283.5684667000001,349.6485151500001,486.33524726999985,916.789638,430284582,9009120,0
"post","npgsqlrest-file-jit-v3.21.0",200,100,"","","60s",36767,522.4621278660389,288.1569398357772,282.037158,486.59624420000006,587.3273172999998,832.9279092599983,1745.715841,421448411,8824080,0
"post","npgsqlrest-file-jit-v3.21.0",50,100,"","","60s",38029,542.4045284958688,75.29056648305286,71.628102,133.34873520000005,166.11675179999997,228.06534800000003,572.867631,435909223,9126960,0
"post","npgsqlrest-file-jit-v3.21.0",100,10,"","","60s",265852,3796.6952324000504,23.79873687096588,22.3604735,39.5942319,44.775506449999995,55.52277989999994,127.038863,335771076,63538628,0
"post","npgsqlrest-file-jit-v3.21.0",200,10,"","","60s",255697,3649.6000621889325,48.486606890146014,47.900169,76.29396,83.19086899999999,101.70865980000002,209.083151,322945311,61111583,0
"post","npgsqlrest-file-jit-v3.21.0",50,10,"","","60s",283556,4050.200283661698,10.978007515478254,9.4406775,22.515668,26.70857225,33.672308550000004,92.294534,358131228,67769884,0
"perf-test","npgsqlrest-routine-aot-v3.21.0",1,100,"","","60s",6468,92.39733686059883,4.0203622929808285,4.35179,5.0880297,5.880933849999998,7.505235599999999,18.04395,458529456,3531528,0
"perf-test","npgsqlrest-routine-aot-v3.21.0",100,100,"","","60s",11693,165.78109602971938,447.949476085095,415.232596,806.2035078000001,968.5619696,1348.5183994,2337.92133,828940156,6384378,0
"perf-test","npgsqlrest-routine-aot-v3.21.0",200,100,"","","60s",11899,167.39755623823726,854.507677490296,829.627331,1518.0565544000006,1852.8099158000002,2540.131662420002,4565.011427,843543908,6496854,0
"perf-test","npgsqlrest-routine-aot-v3.21.0",50,100,"","","60s",11863,168.70401202386014,203.78649258189216,183.181942,394.61525440000014,472.2864571999999,668.7853376199997,1200.021397,840991796,6477198,0
"perf-test","npgsqlrest-routine-aot-v3.21.0",1,10,"","","60s",23227,331.8123181525622,1.8212264868041383,1.508045,2.7346656,2.987667,4.088715600000004,47.745528,166444682,12658715,0
"perf-test","npgsqlrest-routine-aot-v3.21.0",100,10,"","","60s",100480,1433.6897702121041,62.21559953220568,63.543978,90.37444800000002,102.07025299999995,138.26537489999998,1224.77905,719967290,54761600,0
"perf-test","npgsqlrest-routine-aot-v3.21.0",200,10,"","","60s",98949,1410.8220231550004,118.1042590488315,122.256426,181.4147382,200.27837399999999,272.03811188000003,491.654123,709002714,53927205,0
"perf-test","npgsqlrest-routine-aot-v3.21.0",50,10,"","","60s",103189,1473.3336179841278,29.651389438786847,29.344315,45.8936574,52.13946259999996,68.55093907999998,223.396566,739367834,56238005,0
"perf-test","npgsqlrest-routine-aot-v3.21.0",1,1,"","","60s",42566,608.0691931326039,1.3066386281304319,1.187791,2.0446679999999997,2.1694780000000002,3.020275999999999,10.339206,36606760,23155904,0
"perf-test","npgsqlrest-routine-aot-v3.21.0",100,1,"","","60s",183163,2614.8900250651345,35.299168558491175,32.329479,71.8549662,84.96546409999996,112.28777322,555.0534,157520180,99640672,0
"perf-test","npgsqlrest-routine-aot-v3.21.0",200,1,"","","60s",183801,2622.7871072199687,70.56497315274117,70.574845,110.268363,122.93975,150.215711,248.339733,158068860,99987744,0
"perf-test","npgsqlrest-routine-aot-v3.21.0",50,1,"","","60s",189016,2699.6438099903517,16.998637299768355,15.744249,32.647574500000005,39.160436250000004,52.57245350000003,93.534368,162553760,102824704,0
"perf-test","npgsqlrest-routine-aot-v3.21.0",1,500,"","","60s",1513,21.60644449451247,13.033855113681405,13.528701,15.148924999999998,16.40066799999998,22.679280719999998,29.756571,541510265,826098,0
"perf-test","npgsqlrest-routine-aot-v3.21.0",100,500,"","","60s",2525,34.99041596182564,844.2337270166339,765.146959,1489.7639513999995,1656.9041951999998,2012.9760016399991,2601.142965,903710125,1378650,0
"perf-test","npgsqlrest-routine-aot-v3.21.0",200,500,"","","60s",2517,34.402023078844515,1767.2350864243158,1579.979637,3220.7373902,3564.034716199998,4650.306668080023,7350.966517,900846885,1374282,0
"perf-test","npgsqlrest-routine-aot-v3.21.0",50,500,"","","60s",2497,35.187470618082436,405.63309869803743,364.805579,703.8652784000001,814.3471791999998,1086.8513260399998,1462.831383,893688785,1363362,0
"large","npgsqlrest-routine-aot-v3.21.0",25,"","",100,"60s",95166,1359.2286048131232,15.749051213300985,14.786222500000001,25.707964500000003,29.94063975,41.14255200000008,115.473942,9761366952,11990916,0
"large","npgsqlrest-routine-aot-v3.21.0",50,"","",100,"60s",95106,1358.0141506662892,32.446184326625,31.432208000000003,48.799617999999995,57.89183075,81.72212549999996,361.673119,9755212632,11983356,0
"large","npgsqlrest-routine-aot-v3.21.0",25,"","",500,"60s",21752,310.2855750576521,68.43637750101124,67.170488,101.48227700000001,112.9204505,145.42098919000014,274.425701,11140765344,2740752,0
"large","npgsqlrest-routine-aot-v3.21.0",50,"","",500,"60s",22194,316.298388885473,140.34785462958467,140.1385115,197.18870500000003,216.17744549999998,262.7167534299999,610.459059,11367145368,2796444,0
"params","npgsqlrest-routine-aot-v3.21.0",100,"","","","60s",910863,13008.105755260483,7.016330207722715,6.196068,11.881886,15.686877999999993,25.5489112,98.570531,195835545,347038803,0
"params","npgsqlrest-routine-aot-v3.21.0",200,"","","","60s",857961,12254.346186828867,13.57589790706992,11.618849,24.138125,31.3613,44.829991000000014,374.49194,184461615,326883141,0
"params","npgsqlrest-routine-aot-v3.21.0",50,"","","","60s",800831,11435.43117177541,3.982425081319335,3.689686,6.226927,8.1641105,13.723154299999992,112.870876,172178665,305116611,0
"minimal","npgsqlrest-routine-aot-v3.21.0",100,"","","","30s",622031,15548.643143030882,5.453818793013337,4.342613,11.524104,13.8768485,22.546158699999946,65.598795,126202329,66557317,0
"minimal","npgsqlrest-routine-aot-v3.21.0",200,"","","","30s",563387,14079.566977099357,11.335999947440934,9.778057,21.162852,26.907258,41.743413200000006,97.864125,114304585,60282409,0
"minimal","npgsqlrest-routine-aot-v3.21.0",500,"","","","30s",511588,12782.798692896273,32.849950902051624,30.4705345,58.15963599999999,75.3653045,91.83601317000002,145.090886,103795655,54739916,0
"nested","npgsqlrest-routine-aot-v3.21.0",100,100,1,"","60s",110966,1583.8231354694042,55.53598691939957,55.580211500000004,86.522091,100.3294895,144.00874800000008,302.246017,394595096,14203648,0
"nested","npgsqlrest-routine-aot-v3.21.0",50,100,1,"","60s",114865,1640.2883678159205,26.40845226657397,25.682174,42.3712522,48.769457199999984,67.98559276,169.557683,408459940,14702720,0
"nested","npgsqlrest-routine-aot-v3.21.0",100,100,2,"","60s",90819,1296.2646669506014,66.49220229770224,64.829103,109.64239879999998,138.88595489999958,197.62357439999997,467.589105,386525664,11624832,0
"nested","npgsqlrest-routine-aot-v3.21.0",50,100,2,"","60s",93326,1332.5857910194234,31.589025158627088,29.802583,52.350069,65.11810525,98.61809274999999,247.216249,397195456,11945728,0
"nested","npgsqlrest-routine-aot-v3.21.0",100,100,3,"","60s",76522,1091.9177945849042,76.84809156332899,74.456475,131.71981000000005,168.5336395499999,242.47534410999992,549.137464,379243032,9794816,0
"nested","npgsqlrest-routine-aot-v3.21.0",50,100,3,"","60s",79277,1131.921818466377,36.54333771484765,33.174965,64.077759,82.54239779999996,124.66106600000023,284.687889,392896812,10147456,0
"post","npgsqlrest-routine-aot-v3.21.0",100,100,"","","60s",36865,524.7435278386716,156.6114981884442,146.859289,297.0103008,367.74535399999985,530.8771350000001,1194.113402,422572231,8958195,0
"post","npgsqlrest-routine-aot-v3.21.0",200,100,"","","60s",36697,521.5726402899107,286.8410475422809,282.620907,488.9318026000001,580.5110079999998,824.3717976800007,1575.504764,420645565,8917371,0
"post","npgsqlrest-routine-aot-v3.21.0",50,100,"","","60s",38114,543.8186952906825,74.75225099197166,71.36232050000001,130.9227147,163.81650384999998,226.29928400000028,486.368658,436884164,9261702,0
"post","npgsqlrest-routine-aot-v3.21.0",100,10,"","","60s",268261,3830.6665113710405,23.569623191798193,22.208496,39.167761,44.286054,54.80769540000001,116.958145,338813643,64919162,0
"post","npgsqlrest-routine-aot-v3.21.0",200,10,"","","60s",253056,3611.8582698066175,47.353161125711466,46.7781585,76.582797,83.53008425,102.87912705000001,293.191791,319609728,61239552,0
"post","npgsqlrest-routine-aot-v3.21.0",50,10,"","","60s",282919,4041.0445112333186,10.999947959861391,9.404668,22.673603200000013,26.890710999999996,33.97474202000003,93.012617,357326697,68466398,0
"perf-test","npgsqlrest-routine-aot-v3.4.7",1,100,"","","60s",6365,90.91871432159644,4.186773729772186,4.392225,5.092967000000002,6.032836999999997,7.959635239999991,28.017946,451227580,3468925,0
"perf-test","npgsqlrest-routine-aot-v3.4.7",100,100,"","","60s",11861,167.00416928223385,448.136169902536,423.576615,802.586558,959.602991,1321.473287999999,2651.864283,840850012,6463700,0
"perf-test","npgsqlrest-routine-aot-v3.4.7",200,100,"","","60s",11839,166.51135682843594,747.9978032474036,672.717496,1361.4188752,1693.4868098000002,2434.373653420004,4734.705191,839290388,6452255,0
"perf-test","npgsqlrest-routine-aot-v3.4.7",50,100,"","","60s",11819,168.11592600188897,205.60087690980725,180.195982,400.3727638000001,497.0763379000001,715.6887090199982,1461.17437,837872548,6441355,0
"perf-test","npgsqlrest-routine-aot-v3.4.7",1,10,"","","60s",21962,313.73906572726145,1.8150430043711838,1.4899995000000001,2.786769,3.0407825,4.2421478,26.774967,157379692,11947328,0
"perf-test","npgsqlrest-routine-aot-v3.4.7",100,10,"","","60s",100792,1438.58947412376,61.85665840088514,63.067468500000004,89.90993500000002,101.24515,136.75321439999996,1229.926732,722145587,54830848,0
"perf-test","npgsqlrest-routine-aot-v3.4.7",200,10,"","","60s",99705,1421.8514695052652,117.4870776592343,122.041026,179.9540136,197.29333299999996,255.6198107999999,586.256902,714332190,54239520,0
"perf-test","npgsqlrest-routine-aot-v3.4.7",50,10,"","","60s",103679,1480.592037341507,29.54630890179299,29.250948,45.720155999999996,51.807646999999996,68.45563538000002,340.060138,742780969,56401376,0
"perf-test","npgsqlrest-routine-aot-v3.4.7",1,1,"","","60s",41650,594.9788653392391,1.3319330013925503,1.1984810000000001,2.1045850999999995,2.2617005,3.092756110000001,12.987098,35819000,22615950,0
"perf-test","npgsqlrest-routine-aot-v3.4.7",100,1,"","","60s",183371,2618.3420899189164,35.25909087204654,32.203629,70.738029,83.973942,110.87285099999997,526.31321,157699060,99570453,0
"perf-test","npgsqlrest-routine-aot-v3.4.7",200,1,"","","60s",183587,2619.9582827142435,70.6417161701479,70.913794,110.53615199999999,121.79085799999993,150.19918954,262.193878,157884820,99687741,0
"perf-test","npgsqlrest-routine-aot-v3.4.7",50,1,"","","60s",187767,2681.6932030273415,17.108814929076935,15.884039,33.510079399999995,39.81225229999996,53.73154459999999,112.745637,161479620,101957481,0
"perf-test","npgsqlrest-routine-aot-v3.4.7",1,500,"","","60s",1514,21.625064629931877,13.067333573976194,13.498876,15.290021300000001,16.9878525,22.949680529999995,31.015527,541868170,825130,0
"perf-test","npgsqlrest-routine-aot-v3.4.7",100,500,"","","60s",2406,33.369293477839584,847.8990983898599,775.2902575,1485.4075935,1665.5641455,2026.7678224499991,2770.324606,861119430,1311270,0
"perf-test","npgsqlrest-routine-aot-v3.4.7",200,500,"","","60s",2543,34.76059080006441,1758.530246247346,1606.867606,3088.049624,3432.0929147000006,4265.81190882,7646.176412,910152415,1385935,0
"perf-test","npgsqlrest-routine-aot-v3.4.7",50,500,"","","60s",2497,35.11821520485908,404.0277308886662,359.105556,713.9121626000001,807.7874057999996,1058.1587139199992,1416.960738,893688785,1360865,0
"large","npgsqlrest-routine-aot-v3.4.7",25,"","",100,"60s",95148,1358.9341567836686,15.774842324988322,14.713783,25.7476087,30.161140999999983,42.06920246999999,117.543915,9759520656,11893500,0
"large","npgsqlrest-routine-aot-v3.4.7",50,"","",100,"60s",95527,1363.992151769783,32.37718918367547,31.021424,49.794420000000024,60.0872027,87.45666106000006,246.35799,9798395444,11940875,0
"large","npgsqlrest-routine-aot-v3.4.7",25,"","",500,"60s",21725,310.036701846216,68.59637779180635,66.727719,98.49153500000003,108.702724,144.46845723999982,330.06169,11126936700,2715625,0
"large","npgsqlrest-routine-aot-v3.4.7",50,"","",500,"60s",22072,314.6699118298287,141.21724501517815,141.570234,199.3989579,219.34918850000003,266.60596951000014,454.728946,11304660384,2759000,0
"params","npgsqlrest-routine-aot-v3.4.7",100,"","","","60s",913662,13051.32542333067,6.986554299966493,6.1044985,12.041482100000001,15.6851335,25.70773229,93.683259,196437330,347191560,0
"params","npgsqlrest-routine-aot-v3.4.7",200,"","","","60s",871315,12445.300378290674,13.7573136431038,11.859268,24.055697,31.680027699999993,45.416387799999995,596.371502,187332725,331099700,0
"params","npgsqlrest-routine-aot-v3.4.7",50,"","","","60s",797351,11389.10896333885,4.000003190586037,3.669007,6.400106,8.289508999999999,14.008128,116.319424,171430465,302993380,0
"minimal","npgsqlrest-routine-aot-v3.4.7",100,"","","","30s",613369,15327.306830386682,5.5453915787982835,4.409052,11.7421722,14.088204999999993,22.986192599999995,77.063798,124446100,65017114,0
"minimal","npgsqlrest-routine-aot-v3.4.7",200,"","","","30s",562247,14045.44641665462,11.367302527549338,9.784638,21.26334,27.297519299999987,41.934603400000086,95.861922,114073386,59598182,0
"minimal","npgsqlrest-routine-aot-v3.4.7",500,"","","","30s",507951,12691.533982037827,32.87097678710165,30.633589,57.594963,75.2539985,91.777416,182.100496,103057216,53842806,0
"nested","npgsqlrest-routine-aot-v3.4.7",100,100,1,"","60s",111440,1590.1669566215917,55.23153311502124,55.4516525,86.27370600000005,100.30389899999989,142.37273650999998,401.333713,396280640,14152880,0
"nested","npgsqlrest-routine-aot-v3.4.7",50,100,1,"","60s",115297,1646.32681051581,26.2472671552081,25.625424,41.935429600000006,48.155893,68.16018696,202.370114,409996132,14642719,0
"nested","npgsqlrest-routine-aot-v3.4.7",100,100,2,"","60s",91225,1301.8634358912152,66.03729805120315,65.027432,107.64673720000005,135.28527800000003,191.39425963999977,519.821609,388253600,11585575,0
"nested","npgsqlrest-routine-aot-v3.4.7",50,100,2,"","60s",93834,1339.4815840098663,31.47088379692884,29.872867,52.05203699999999,64.26494884999987,96.57746909999999,228.724942,399357504,11916918,0
"nested","npgsqlrest-routine-aot-v3.4.7",100,100,3,"","60s",76805,1095.8864529835548,77.6522272247498,76.135773,133.36036040000005,165.267944,231.84021996000055,487.949152,380645580,9754235,0
"nested","npgsqlrest-routine-aot-v3.4.7",50,100,3,"","60s",79368,1133.038850908476,36.43317090352525,33.048541,65.25680900000002,82.86811834999996,124.78419980000004,270.961947,393347808,10079736,0
"post","npgsqlrest-routine-aot-v3.4.7",100,100,"","","60s",37394,532.9193923857043,153.65191648914234,146.5103805,287.7873227000001,358.33287499999994,520.53995256,999.505406,428633890,9049348,0
"post","npgsqlrest-routine-aot-v3.4.7",200,100,"","","60s",36185,514.2260610661338,300.1940196255376,299.89643,497.5999790000001,600.0543059999995,837.5422087999996,1626.304047,414776345,8756770,0
"post","npgsqlrest-routine-aot-v3.4.7",50,100,"","","60s",38298,546.4379645196665,74.73025222716599,71.743569,129.90319630000005,161.91716480000005,225.5182179,531.353267,438992900,9268116,0
"post","npgsqlrest-routine-aot-v3.4.7",100,10,"","","60s",268041,3827.0514070503896,23.608944664215425,22.203481,39.189458,44.263671,54.88837599999992,127.843539,338535783,64597881,0
"post","npgsqlrest-routine-aot-v3.4.7",200,10,"","","60s",256156,3654.9295281280683,48.1114915168772,47.3430015,75.90247450000001,82.8314865,102.77287305000003,444.593541,323525028,61733596,0
"post","npgsqlrest-routine-aot-v3.4.7",50,10,"","","60s",285435,4076.8096706397273,10.90893277014748,9.357297,22.484932,26.564229299999994,33.4515832,78.122539,360504405,68789835,0
"perf-test","npgsqlrest-routine-jit-v3.21.0",1,100,"","","60s",6867,98.08414628531494,3.5193852070773204,3.514419,4.69663,5.325637999999998,7.295750540000001,14.396202,486815364,3749382,0
"perf-test","npgsqlrest-routine-jit-v3.21.0",100,100,"","","60s",11703,165.86451839586454,446.3954954028887,419.25589,803.1144768,961.5921731,1298.7786680799995,2573.213386,829649076,6389838,0
"perf-test","npgsqlrest-routine-jit-v3.21.0",200,100,"","","60s",11948,165.76225992404045,838.194727855038,793.7434905,1443.6301657000001,1729.627873999999,2400.8134043300015,4593.286485,847017616,6523608,0
"perf-test","npgsqlrest-routine-jit-v3.21.0",50,100,"","","60s",11763,167.40052792516605,205.74457514647574,182.477165,400.64952820000013,495.72401759999997,714.3360202599999,1165.339984,833902596,6422598,0
"perf-test","npgsqlrest-routine-jit-v3.21.0",1,10,"","","60s",23835,340.4899803624347,1.7373839224669578,1.416374,2.7108570000000003,2.9644483,4.0728576,30.948822,170801610,12990075,0
"perf-test","npgsqlrest-routine-jit-v3.21.0",100,10,"","","60s",100730,1437.805801922658,61.81600901438409,63.149148499999995,90.44465100000001,101.82027944999996,137.58838220999985,1052.128779,721774030,54897850,0
"perf-test","npgsqlrest-routine-jit-v3.21.0",200,10,"","","60s",99225,1414.0278059788604,119.02700553011927,124.473848,181.020881,198.716087,258.3081495999995,512.050944,710984700,54077625,0
"perf-test","npgsqlrest-routine-jit-v3.21.0",50,10,"","","60s",102420,1462.3243674547473,29.916049771763113,29.609259,46.21197400000002,52.56137759999995,69.16872418999998,205.288635,733872975,55818900,0
"perf-test","npgsqlrest-routine-jit-v3.21.0",1,1,"","","60s",46904,670.0357422314099,1.1847048426147044,1.0806015,1.8265620000000002,2.0726406500000003,2.878677300000001,7.932774,40337440,25515776,0
"perf-test","npgsqlrest-routine-jit-v3.21.0",100,1,"","","60s",183309,2617.4582318223434,35.26651583897635,31.980359,71.56531700000001,83.82873300000001,110.77100932000002,542.429338,157645740,99720096,0
"perf-test","npgsqlrest-routine-jit-v3.21.0",200,1,"","","60s",181703,2593.115741744418,71.36747950391637,70.447555,111.20453900000001,124.3803861,151.17068460000002,272.188913,156264580,98846432,0
"perf-test","npgsqlrest-routine-jit-v3.21.0",50,1,"","","60s",189090,2700.607692735376,16.990075021291652,15.873198,33.00797490000001,38.938515499999994,51.12089030999996,103.414696,162617400,102864960,0
"perf-test","npgsqlrest-routine-jit-v3.21.0",1,500,"","","60s",1509,21.55312503195583,13.133819483101382,13.416951,14.851907200000001,17.047357799999975,22.931926280000035,36.899726,540078645,823914,0
"perf-test","npgsqlrest-routine-jit-v3.21.0",100,500,"","","60s",2493,34.75106855964532,847.4429403497793,766.974358,1481.5349706000002,1698.2213466,2200.0243037599994,3196.255549,892257165,1361178,0
"perf-test","npgsqlrest-routine-jit-v3.21.0",200,500,"","","60s",2588,34.724292519982896,1748.5820968508478,1585.043675,3031.4483866000005,3413.0665110000004,4238.139496960001,5849.868526,926258140,1413048,0
"perf-test","npgsqlrest-routine-jit-v3.21.0",50,500,"","","60s",2472,34.87459927071895,408.4384330473296,365.922691,721.2803023000001,823.8332248999995,1095.92901325,1403.870179,884741160,1349712,0
"large","npgsqlrest-routine-jit-v3.21.0",25,"","",100,"60s",95492,1363.846907999421,15.651514743601702,14.471878,26.36684500000001,31.134863499999998,43.119314389999964,144.766759,9794805424,12031992,0
"large","npgsqlrest-routine-jit-v3.21.0",50,"","",100,"60s",95662,1365.3109679610923,32.33612632708897,30.305166999999997,54.445400000000014,66.94882355,87.9460996,235.014632,9812242664,12053412,0
"large","npgsqlrest-routine-jit-v3.21.0",25,"","",500,"60s",21862,311.9641926340995,67.99903918941527,66.8704695,97.050107,106.95909305,135.82406898999997,252.309891,11197104264,2754612,0
"large","npgsqlrest-routine-jit-v3.21.0",50,"","",500,"60s",22167,315.98935471535475,140.58410549623267,140.380471,199.770615,219.36995330000002,268.45193892000003,421.953189,11353316724,2793042,0
"params","npgsqlrest-routine-jit-v3.21.0",100,"","","","60s",919400,13133.194962669244,6.932706681372935,6.0734935,11.838634999999998,15.601859449999981,25.792626900000005,97.278895,197671000,350291400,0
"params","npgsqlrest-routine-jit-v3.21.0",200,"","","","60s",872172,12455.857059260954,13.576520083046915,11.607654,24.160504,31.445826049999983,44.917520100000026,147.468286,187516980,332297532,0
"params","npgsqlrest-routine-jit-v3.21.0",50,"","","","60s",809497,11563.37773956826,3.9368076410708324,3.636077,6.2038660000000005,8.173312799999998,13.831695960000024,230.797855,174041855,308418357,0
"minimal","npgsqlrest-routine-jit-v3.21.0",100,"","","","30s",611338,15280.455800416079,5.57343087790225,4.4086625,11.826235,14.203441850000003,23.031092230000002,69.002471,124033477,65413166,0
"minimal","npgsqlrest-routine-jit-v3.21.0",200,"","","","30s",558957,13964.930265572184,11.546585669876325,10.026387,21.613606000000008,27.295811199999942,40.87360759999997,121.150507,113405672,59808399,0
"minimal","npgsqlrest-routine-jit-v3.21.0",500,"","","","30s",514829,12855.605464562903,32.62488651158197,30.352589,57.445033,74.38646599999998,91.46950987999995,161.063909,104453009,55086703,0
"nested","npgsqlrest-routine-jit-v3.21.0",100,100,1,"","60s",110615,1578.8399885287,55.247266570157336,55.531306,86.231016,99.84513739999996,143.07261206,323.917652,393346940,14158720,0
"nested","npgsqlrest-routine-jit-v3.21.0",50,100,1,"","60s",114624,1636.7621209489243,26.399653870480936,25.7006235,42.3584316,48.88633599999999,69.93281200000013,165.295967,407602944,14671872,0
"nested","npgsqlrest-routine-jit-v3.21.0",100,100,2,"","60s",90942,1297.8683206080823,66.03338458797937,64.54159100000001,109.74827100000002,137.9856145,193.1648275999999,440.815175,387049152,11640576,0
"nested","npgsqlrest-routine-jit-v3.21.0",50,100,2,"","60s",93399,1333.6457179137576,31.657975648614933,30.195366,52.015012999999996,63.362536999999996,94.08355364000008,222.194996,397506144,11955072,0
"nested","npgsqlrest-routine-jit-v3.21.0",100,100,3,"","60s",76579,1092.3096654405406,77.59902282253668,76.183449,132.597224,166.8861909,239.10069520000002,503.642146,379525524,9802112,0
"nested","npgsqlrest-routine-jit-v3.21.0",50,100,3,"","60s",79680,1137.6898920306612,36.3347486577428,32.773981,64.49862900000001,83.18653700000002,126.16071518000082,330.52131,394894080,10199040,0
"post","npgsqlrest-routine-jit-v3.21.0",100,100,"","","60s",37417,532.4968859516431,153.82650201376407,142.894869,293.7438166,362.8002707999999,516.2927265599991,1005.545069,428897723,9092331,0
"post","npgsqlrest-routine-jit-v3.21.0",200,100,"","","60s",36979,525.604564069367,302.4659528945077,300.837225,494.0204718,581.5177680999999,826.5735492000002,1589.158048,423876437,8985897,0
"post","npgsqlrest-routine-jit-v3.21.0",50,100,"","","60s",38144,544.2085969302731,75.29536638753231,71.766724,132.169652,163.68820384999998,222.72435869999995,491.430153,437226792,9268992,0
"post","npgsqlrest-routine-jit-v3.21.0",100,10,"","","60s",267973,3827.039365046516,23.61278921737284,22.211808,39.24845300000001,44.42454599999999,55.46910907999992,113.752915,338449899,64849466,0
"post","npgsqlrest-routine-jit-v3.21.0",200,10,"","","60s",254880,3637.9479680496765,48.42741544025404,47.94282,76.12485790000001,82.92454805,102.08501068999999,216.061461,321913440,61680960,0
"post","npgsqlrest-routine-jit-v3.21.0",50,10,"","","60s",284699,4066.033936077401,10.926250851815247,9.323498,22.634968,26.815150999999993,33.71337462000001,85.603304,359574837,68897158,0
"perf-test","npgsqlrest-routine-jit-v3.4.7",1,100,"","","60s",6866,98.07588840852242,3.448736434022708,3.202789,4.6714649999999995,5.190118,6.896617500000001,28.543565,486744472,3741970,0
"perf-test","npgsqlrest-routine-jit-v3.4.7",100,100,"","","60s",11825,167.48247031662217,440.8769701468904,416.58723,802.37028,958.9977305999997,1266.9617696000007,2609.152272,838297900,6444625,0
"perf-test","npgsqlrest-routine-jit-v3.4.7",200,100,"","","60s",11901,167.32873219046968,843.3413517103609,804.435392,1475.957174,1896.462264,2675.119659,5246.941693,843685692,6486045,0
"perf-test","npgsqlrest-routine-jit-v3.4.7",50,100,"","","60s",11888,169.2225494948639,203.44800589527316,181.3944435,394.04685400000005,485.78322749999995,702.9697597499991,1264.782233,842764096,6478415,0
"perf-test","npgsqlrest-routine-jit-v3.4.7",1,10,"","","60s",27255,389.34347919814957,1.4864636923500405,1.236005,2.427979400000001,2.6649927,3.6998608799999992,44.28746,195309330,14826720,0
"perf-test","npgsqlrest-routine-jit-v3.4.7",100,10,"","","60s",101996,1455.8036069744985,60.92568525820662,62.244852,89.1996265,100.37259350000001,133.86469200000064,1455.761803,730754911,55485824,0
"perf-test","npgsqlrest-routine-jit-v3.4.7",200,10,"","","60s",99357,1416.8449101922238,119.29533009835195,123.88118,179.6007146,197.284423,262.37989204000013,519.677237,711857847,54050208,0
"perf-test","npgsqlrest-routine-jit-v3.4.7",50,10,"","","60s",103509,1477.7402183468027,29.553174536185246,29.229775,45.8123676,52.110258399999964,68.91465451999994,171.966732,741587394,56308896,0
"perf-test","npgsqlrest-routine-jit-v3.4.7",1,1,"","","60s",43828,626.0942388028534,1.2541402874190093,1.123296,1.9744223,2.13049565,2.965999400000009,19.339798,37692080,23798604,0
"perf-test","npgsqlrest-routine-jit-v3.4.7",100,1,"","","60s",183513,2620.3186553797436,35.219160072453164,33.252316,72.09735500000001,83.284435,110.07439688000001,201.369415,157821180,99647559,0
"perf-test","npgsqlrest-routine-jit-v3.4.7",200,1,"","","60s",182454,2603.886798827563,71.06608578213798,70.866958,111.649353,123.87262100000001,152.57986119999998,261.997118,156910440,99072522,0
"perf-test","npgsqlrest-routine-jit-v3.4.7",50,1,"","","60s",189348,2704.2402620000857,16.971394675211705,15.8915045,33.168106,39.5342425,52.3928641,124.601138,162839280,102815964,0
"perf-test","npgsqlrest-routine-jit-v3.4.7",1,500,"","","60s",1517,21.668886964836695,12.893044502966365,13.4175,14.838875600000001,16.223517,21.89781871999998,42.145097,542941885,826765,0
"perf-test","npgsqlrest-routine-jit-v3.4.7",100,500,"","","60s",2457,34.002540446100085,852.3536017179475,775.256227,1464.5153842000002,1664.2143931999997,2211.86339372,3212.656489,879372585,1339065,0
"perf-test","npgsqlrest-routine-jit-v3.4.7",200,500,"","","60s",2527,34.46913449008943,1753.647484494264,1620.50918,3063.9291968,3405.4612656999993,3989.6286034999985,6747.164299,904425935,1377215,0
"perf-test","npgsqlrest-routine-jit-v3.4.7",50,500,"","","60s",2508,35.336124543194515,401.44471087878844,361.4698135,710.5739527,817.4452127500001,1032.404957189999,1637.727456,897625740,1366860,0
"large","npgsqlrest-routine-jit-v3.4.7",25,"","",100,"60s",95241,1360.1088449108995,15.70306180680594,14.543989,26.065988,30.752372,42.508128000000056,131.940445,9769059852,11905125,0
"large","npgsqlrest-routine-jit-v3.4.7",50,"","",100,"60s",95326,1361.1472614224406,32.274620677853015,31.191648999999998,49.7245695,59.727008749999996,84.36303724999999,284.297048,9777778472,11915750,0
"large","npgsqlrest-routine-jit-v3.4.7",25,"","",500,"60s",21921,312.8366765052544,67.82012219396908,66.916049,97.44256,107.310153,135.73699619999996,236.040939,11227322412,2740125,0
"large","npgsqlrest-routine-jit-v3.4.7",50,"","",500,"60s",22155,315.7848784769117,140.83046266052793,142.212172,198.90204540000002,217.474153,264.2857538,396.173475,11347170660,2769375,0
"params","npgsqlrest-routine-jit-v3.4.7",100,"","","","60s",914772,13066.870098231666,6.972819070969599,6.128673,11.9871261,15.698343499999995,25.664047410000002,74.202727,196675980,347613360,0
"params","npgsqlrest-routine-jit-v3.4.7",200,"","","","60s",866411,12373.840800000555,13.485142402889934,11.50794,23.953255,31.1844195,44.90766210000002,471.524455,186278365,329236180,0
"params","npgsqlrest-routine-jit-v3.4.7",50,"","","","60s",804895,11496.858579540129,3.9597582200186854,3.667966,6.236561399999998,8.1393063,13.883643999999954,122.165783,173052425,305860100,0
"minimal","npgsqlrest-routine-jit-v3.4.7",100,"","","","30s",615074,15373.591151115541,5.530957243364425,4.3909325,11.771956000000001,14.132204699999996,22.588928100000032,61.241621,124791770,65197844,0
"minimal","npgsqlrest-routine-jit-v3.4.7",200,"","","","30s",561103,14020.058082068035,11.401230369753756,9.802509,21.330515199999997,27.446247900000003,41.99985418,108.524478,113841699,59476918,0
"minimal","npgsqlrest-routine-jit-v3.4.7",500,"","","","30s",507552,12682.608368667134,33.076229930387704,30.751299,58.39369700000001,75.42439304999999,92.57553888999996,181.311077,102976864,53800512,0
"nested","npgsqlrest-routine-jit-v3.4.7",100,100,1,"","60s",111224,1586.9949811708777,55.476149795880055,55.774381500000004,85.5495957,97.92040899999998,138.79202317000005,314.111545,395512544,14125448,0
"nested","npgsqlrest-routine-jit-v3.4.7",50,100,1,"","60s",115264,1645.9510543098872,26.21637258059749,25.4634595,42.0909633,48.575768999999994,69.67866339999999,204.366298,409878784,14638528,0
"nested","npgsqlrest-routine-jit-v3.4.7",100,100,2,"","60s",91085,1299.438035413204,66.1132905614094,64.413864,110.63968400000005,140.3040972,194.63306624000018,461.893883,387657760,11567795,0
"nested","npgsqlrest-routine-jit-v3.4.7",50,100,2,"","60s",93539,1334.8924134060555,31.61929530823539,29.928486,52.407404,64.969457,96.83009501999996,294.560495,398101984,11879453,0
"nested","npgsqlrest-routine-jit-v3.4.7",100,100,3,"","60s",76467,1091.0607570671193,78.31937863114673,77.042505,131.42376400000006,164.28820469999997,245.85037825999953,567.359739,378970452,9711309,0
"nested","npgsqlrest-routine-jit-v3.4.7",50,100,3,"","60s",79262,1131.5767742794808,36.45703215698587,32.832183,64.62921200000005,83.88811549999998,126.53901971999997,390.167887,392822472,10066274,0
"post","npgsqlrest-routine-jit-v3.4.7",100,100,"","","60s",37376,532.5831226190721,153.82963999004517,146.111877,282.4142625,352.22392825,499.339759,933.16431,428428652,9044992,0
"post","npgsqlrest-routine-jit-v3.4.7",200,100,"","","60s",36224,514.8083331282572,305.66435241489336,304.7476265,496.49067570000005,605.15450615,908.1437549999989,1992.602958,415225474,8766208,0
"post","npgsqlrest-routine-jit-v3.4.7",50,100,"","","60s",38164,544.5379642398397,74.78554112139689,70.79854700000001,131.66941500000004,163.78713215,228.8430025300001,428.69379,437457260,9235688,0
"post","npgsqlrest-routine-jit-v3.4.7",100,10,"","","60s",267646,3822.3431376873064,23.654339238007843,22.232602,39.2781555,44.552943,56.0423845,181.096772,338036898,64502686,0
"post","npgsqlrest-routine-jit-v3.4.7",200,10,"","","60s",255927,3651.910219279647,48.22695245973301,47.555947,75.9355066,82.85264299999999,102.28175025999998,238.697017,323235801,61678407,0
"post","npgsqlrest-routine-jit-v3.4.7",50,10,"","","60s",283014,4041.7197279258285,10.996294499469936,9.410252499999999,22.757745000000003,27.0569305,33.9787475,79.457295,357446682,68206374,0
"perf-test","postgrest-v14.14",1,100,"","","60s",5214,74.48136024371696,5.878666263904899,4.3999355,9.1577787,9.65972585,12.466142399999995,20.79673,372587226,2638284,0
"perf-test","postgrest-v14.14",100,100,"","","60s",11844,167.9256653580338,442.386635157717,413.58730049999997,809.0725460000001,963.2811508000002,1294.84562063,2550.211047,846360396,5993064,0
"perf-test","postgrest-v14.14",200,100,"","","60s",11927,167.87288916403966,779.6475865916813,726.814966,1399.871564,1762.431411899999,2515.15377104,5028.06776,852291493,6035062,0
"perf-test","postgrest-v14.14",50,100,"","","60s",11897,169.36480389990123,202.9728452034126,176.649035,401.48292159999994,488.46938299999965,699.1394920399987,1335.508582,850147723,6019882,0
"perf-test","postgrest-v14.14",1,10,"","","60s",16270,232.41265930249264,2.7216885563613857,2.2977410000000003,4.3366691,4.65324745,5.985869699999999,19.586495,117534480,8216350,0
"perf-test","postgrest-v14.14",100,10,"","","60s",75448,1076.537721253021,85.00989845798377,55.9657525,196.24679830000002,258.89943949999997,408.00240499999984,999.650622,545036352,38101240,0
"perf-test","postgrest-v14.14",200,10,"","","60s",73925,1053.4653799706953,174.88347366279265,113.611342,418.5593544000001,549.3599064000002,846.8733882799987,2736.784739,534034200,37332125,0
"perf-test","postgrest-v14.14",50,10,"","","60s",77695,1109.3625505187374,40.643024734487376,29.783636,85.350087,110.644278,168.78403313999993,410.612245,561268680,39235975,0
"perf-test","postgrest-v14.14",1,1,"","","60s",29874,426.7595122265343,2.0405524402155693,1.982749,2.9140657000000014,3.5210021499999993,4.5121346,41.52277,26408616,15056496,0
"perf-test","postgrest-v14.14",100,1,"","","60s",92653,1322.3183043069996,69.9498391299364,45.332978,163.83131400000002,215.897729,342.0812763999992,863.458482,81905252,46697112,0
"perf-test","postgrest-v14.14",200,1,"","","60s",86870,1237.277822095727,149.6784600551504,94.2894955,363.195789,480.0456045000001,754.61600999,2076.526203,76793080,43782480,0
"perf-test","postgrest-v14.14",50,1,"","","60s",95471,1363.2084793918618,33.80229196323503,23.365053,73.708436,96.688514,151.2106060000002,370.198421,84396364,48117384,0
"perf-test","postgrest-v14.14",1,500,"","","60s",1212,17.30330972387345,24.097296585808564,27.1905935,29.3554581,30.922309500000004,38.37780220000001,43.573228,437224152,613272,0
"perf-test","postgrest-v14.14",100,500,"","","60s",2534,35.31005905609286,846.9854310947103,773.436565,1445.1050606000001,1652.1626210999998,2139.300687620001,2789.760005,914130364,1282204,0
"perf-test","postgrest-v14.14",200,500,"","","60s",2615,35.05288494266012,1693.2716549200773,1512.083921,3150.8150194,3562.1436264999993,4595.550174220004,7356.861198,943350790,1323190,0
"perf-test","postgrest-v14.14",50,500,"","","60s",2496,35.197794754234906,411.7629511907047,367.617374,707.6506079999999,826.588565,1096.428871200001,1670.963862,900422016,1262976,0
"large","postgrest-v14.14",25,"","",100,"60s",51041,728.81942401173,30.66536566695398,26.120877,54.574346,67.143022,96.18517199999998,221.86817,5236143067,5716592,0
"large","postgrest-v14.14",50,"","",100,"60s",50971,727.4885936433839,62.634066893764114,43.975674,135.610872,176.957871,269.34066140000044,611.346353,5228961977,5708752,0
"large","postgrest-v14.14",25,"","",500,"60s",11533,164.46144784869622,136.0963066803957,111.675328,246.4907302000003,308.23970679999996,466.4780354,1023.470591,5907052671,1291696,0
"large","postgrest-v14.14",50,"","",500,"60s",11955,170.15694340845886,267.54493619422794,180.438426,589.1187800000001,762.1680372999998,1189.1320398199991,2533.429862,6123195585,1338960,0
"params","postgrest-v14.14",100,"","","","60s",257321,3675.379244027506,25.166528738762135,24.435693,32.525905,40.088478,56.110218799999984,457.936607,60727756,94436807,0
"params","postgrest-v14.14",200,"","","","60s",255556,3649.1306046452914,50.78549099459258,51.421683,63.8983775,77.391235,101.51755950000009,163.32422,60311216,93789052,0
"params","postgrest-v14.14",50,"","","","60s",260827,3725.7524815017887,12.366244956411615,11.701016,16.767977,20.62033599999999,31.80642965999996,164.788611,61555172,95723509,0
"minimal","postgrest-v14.14",100,"","","","30s",279581,6986.257388916651,12.443633840303994,11.269853,18.866774,24.77662,51.834962200000405,285.056776,63433914,26001033,0
"minimal","postgrest-v14.14",200,"","","","30s",272718,6810.909393368431,25.584042107498743,24.08484,37.69825,48.62025049999999,87.44599260000012,853.94348,61876608,25362774,0
"minimal","postgrest-v14.14",500,"","","","30s",258289,6450.115173496673,67.6698397509802,69.416697,93.939733,111.10868359999998,146.06002039999996,348.764991,58602936,24020877,0
"nested","postgrest-v14.14",100,100,1,"","60s",109831,1567.30173377736,55.73509600716502,55.951984,86.336933,100.1059125,141.43698700000002,276.215013,423398505,12520734,0
"nested","postgrest-v14.14",50,100,1,"","60s",114375,1633.1381808665917,26.444059123549742,25.844523,41.9086044,47.96889069999999,67.67861419999998,229.225798,440915625,13038750,0
"nested","postgrest-v14.14",100,100,2,"","60s",90199,1287.1407344316503,67.19329196400247,65.72298,110.54981339999999,141.52764699999994,200.06551638000008,436.015819,410856445,10282686,0
"nested","postgrest-v14.14",50,100,2,"","60s",91747,1310.0447196840953,32.24223295875653,30.531616,53.03966500000001,65.79829299999999,95.89405239999992,217.851276,417907585,10459158,0
"nested","postgrest-v14.14",100,100,3,"","60s",76096,1085.0732711301016,78.3393649111525,77.01669050000001,131.4867145,164.9659755,240.3766485000003,568.261451,399884480,8674944,0
"nested","postgrest-v14.14",50,100,3,"","60s",78816,1125.3413752960266,36.77970753937005,33.601749,63.9014255,82.63987275,121.12164730000009,263.501583,414178080,8985024,0
"post","postgrest-v14.14",100,100,"","","60s",37356,532.3259419973995,152.02422173420732,143.1369725,284.73386,361.5081905,523.8154955499989,1129.698374,439157136,8554524,0
"post","postgrest-v14.14",200,100,"","","60s",36706,520.4121132522835,270.1953100013369,260.5992005,480.7728875,562.9121869999999,812.4900331999966,1465.425775,431515736,8405674,0
"post","postgrest-v14.14",50,100,"","","60s",38220,545.1129435163623,74.69422837425398,71.0785995,131.77536849999998,163.61253849999989,220.5189934999999,441.683104,449314320,8752380,0
"post","postgrest-v14.14",100,10,"","","60s",255832,3653.868937558913,24.789552520240147,22.545495000000003,40.9371901,47.607166499999984,75.41824710000002,323.699115,335651584,58329696,0
"post","postgrest-v14.14",200,10,"","","60s",243061,3469.458523827797,50.66513970580266,48.532952,78.642552,88.612606,139.38864599999994,921.284312,318896032,55417908,0
"post","postgrest-v14.14",50,10,"","","60s",270800,3867.082416773455,11.523056382851053,9.773625500000001,22.987906000000002,27.399478999999996,37.95662410000002,144.069209,355289600,61742400,0
"perf-test","rust-app-v1.97.0",1,100,"","","60s",6431,91.86365696510452,4.050932831441453,4.354705,5.478381,5.81656,8.495605999999986,30.977707,450163569,3254086,0
"perf-test","rust-app-v1.97.0",100,100,"","","60s",11871,167.86457200419665,439.8659419251132,418.348061,793.506291,928.443597,1248.100952499999,1903.979704,830958129,6006726,0
"perf-test","rust-app-v1.97.0",200,100,"","","60s",11954,168.18715190656627,839.3161949212796,780.1077725,1550.2537656000002,1855.5799586500002,2512.4767228699966,5443.685752,836768046,6056314,0
"perf-test","rust-app-v1.97.0",50,100,"","","60s",11961,170.2168440135083,203.40287845464456,182.132533,394.184176,479.001139,675.4642131999999,1361.259445,837258039,6052266,0
"perf-test","rust-app-v1.97.0",1,10,"","","60s",24377,348.22739304586275,1.5999671989170245,1.281596,2.652089,2.841626,3.851014000000012,9.948715,171248425,12310385,0
"perf-test","rust-app-v1.97.0",100,10,"","","60s",101704,1451.296489090355,61.24523789807611,63.138887999999994,89.18896,100.11942134999993,133.31026903,285.167534,714470600,51360520,0
"perf-test","rust-app-v1.97.0",200,10,"","","60s",100340,1430.877784746432,113.96208063522764,119.7371825,176.047414,194.1384545,251.30907222000002,452.71145,704888500,50671700,0
"perf-test","rust-app-v1.97.0",50,10,"","","60s",103686,1480.6162447708482,29.40297961160622,29.423375999999998,44.8302985,50.3991225,66.53262884999988,137.622236,728394150,52361430,0
"perf-test","rust-app-v1.97.0",1,1,"","","60s",50427,720.378487891242,1.1243938978523345,1.035587,1.5551292000000005,1.8480142999999998,2.6461403999999997,7.940317,40896297,25415208,0
"perf-test","rust-app-v1.97.0",100,1,"","","60s",157325,2246.2963395633765,41.13415723070855,37.996172,75.8955226,87.25323739999995,109.52972152000005,181.865287,127590575,79291800,0
"perf-test","rust-app-v1.97.0",200,1,"","","60s",157059,2241.0798318459388,82.62579865160886,82.235368,120.761927,131.3113519,151.72635262000003,233.525761,127374849,79157736,0
"perf-test","rust-app-v1.97.0",50,1,"","","60s",164664,2351.7133443667863,19.550772957489304,17.9655835,35.4471344,40.500974000000014,50.26012079999995,112.579053,133542504,82990656,0
"perf-test","rust-app-v1.97.0",1,500,"","","60s",1428,20.395189244529288,16.1350998557423,16.8721025,18.2023893,19.55483015,28.662774900000006,47.503468,505062180,722568,0
"perf-test","rust-app-v1.97.0",100,500,"","","60s",2516,35.08448648832599,857.7065424026221,771.0893619999999,1479.584281,1699.5907809999999,2194.1256772499996,4540.655895,889871460,1280180,0
"perf-test","rust-app-v1.97.0",200,500,"","","60s",2575,34.86854836236089,2163.4404485611585,1591.915193,4565.989371,5214.463664699999,6383.090157579993,8304.731058,910738875,1593394,0
"perf-test","rust-app-v1.97.0",50,500,"","","60s",2511,35.461853980382116,408.2043278152127,370.393696,702.05775,798.759481,1041.4805273000002,1886.308292,888103035,1270566,0
"large","rust-app-v1.97.0",25,"","",100,"60s",90274,1289.2944306822853,16.872216151405866,16.9249455,27.330182,30.944040999999995,41.42354970000011,111.131612,9255341850,10110688,0
"large","rust-app-v1.97.0",50,"","",100,"60s",91027,1299.7008614996605,34.53267033459355,34.559769,52.190635600000014,59.86648829999999,84.17916180000005,209.512361,9332543175,10195024,0
"large","rust-app-v1.97.0",25,"","",500,"60s",22148,316.0749821007243,67.43436633768283,67.2563965,102.69946699999998,116.01435149999998,145.80572469999998,292.365754,11342544500,2480576,0
"large","rust-app-v1.97.0",50,"","",500,"60s",22530,321.18065252888374,138.45683212623118,139.79102849999998,195.58533400000007,215.36171294999997,256.6488102,437.49259,11538176250,2523360,0
"params","rust-app-v1.97.0",100,"","","","60s",662454,9462.320048141393,9.721643025692513,9.67215,14.434900700000005,17.972662649999993,26.12588882999999,231.976449,115266996,243120618,0
"params","rust-app-v1.97.0",200,"","","","60s",681635,9734.800266399736,18.87605056754927,18.829763,27.725343399999996,34.978531699999984,47.86105966000002,514.788245,118604490,250160045,0
"params","rust-app-v1.97.0",50,"","","","60s",671381,9590.798774988276,4.7592672228049135,4.477873,7.404875,8.963459,13.773738999999953,130.650755,116820294,246396827,0
"minimal","rust-app-v1.97.0",100,"","","","30s",506832,12668.74234856868,6.824538160824469,6.7413995,9.905595900000007,13.578173499999998,23.756388700000002,82.92366,81091488,47135376,0
"minimal","rust-app-v1.97.0",200,"","","","30s",507005,12666.40522877834,13.618621785256666,13.297467,21.32742460000001,29.5719212,42.37869544000003,92.619937,81119106,47151465,0
"minimal","rust-app-v1.97.0",500,"","","","30s",504567,12606.744711049923,33.84643657908322,30.765116,60.75976800000001,78.36827869999995,95.54356033999998,171.3269,80729070,46924731,0
"nested","rust-app-v1.97.0",100,100,1,"","60s",112089,1600.0477567341263,54.848709696776375,55.314819,84.956104,96.81139739999995,139.0367258799999,319.902176,380542155,12778146,0
"nested","rust-app-v1.97.0",50,100,1,"","60s",116667,1665.9555363241016,25.897830518158234,25.385381,41.128389000000006,46.78291799999999,65.57125245999993,235.351712,396084465,13300038,0
"nested","rust-app-v1.97.0",100,100,2,"","60s",91461,1304.984746955005,65.31147868053019,63.642555,107.379207,136.132117,193.49077659999978,447.109825,365386695,10426554,0
"nested","rust-app-v1.97.0",50,100,2,"","60s",94211,1345.0228516752015,31.197156495239593,29.802169,51.549425,61.78217,93.60698599999999,293.317628,376372945,10740054,0
"nested","rust-app-v1.97.0",100,100,3,"","60s",76425,1089.6563495345924,78.02823017876293,77.678322,131.17730000000003,161.30834420000002,226.0783154399998,491.623307,351172875,8712450,0
"nested","rust-app-v1.97.0",50,100,3,"","60s",79546,1135.7270459092713,36.4272375829459,32.712074,64.43048,83.6207325,127.47133355000008,296.273141,365513870,9068244,0
"post","rust-app-v1.97.0",100,100,"","","60s",37587,535.053315774417,153.9369816545602,147.609857,282.71271060000004,354.14140499999985,501.6580616599998,1141.964275,383237052,8607423,0
"post","rust-app-v1.97.0",200,100,"","","60s",37087,526.981763104022,283.4843858370295,281.719809,476.24455820000014,558.800578,813.5682562,1463.859839,378139052,8492923,0
"post","rust-app-v1.97.0",50,100,"","","60s",38399,547.7428681606622,74.298405095002,71.485501,128.71928580000008,159.93334009999998,215.41594637999947,486.003863,391516204,8793371,0
"post","rust-app-v1.97.0",100,10,"","","60s",268728,3836.254659717444,23.549103749159137,22.1012265,39.03032700000001,44.194297,55.36629954999998,116.073833,296138256,61269984,0
"post","rust-app-v1.97.0",200,10,"","","60s",256437,3660.540443343874,48.410605423849674,47.908705,76.082316,82.8197978,100.36307819999993,213.217031,282593574,58467636,0
"post","rust-app-v1.97.0",50,10,"","","60s",287027,4098.835102598473,10.836087760106263,9.269397,22.225073,26.234047000000004,33.07273745999999,92.082408,316303754,65442156,0
"perf-test","swoole-php-app-v6.2.1",1,100,"","","60s",7742,110.59151946311664,3.441112551537075,2.7419510000000002,5.047842,5.3188595,7.119993600000001,21.517188,559367242,3956162,0
"perf-test","swoole-php-app-v6.2.1",100,100,"","","60s",14936,212.0517005603354,375.38905495955976,360.027242,645.221646,770.02593925,1004.4145645499998,2083.019759,1079140936,7632296,0
"perf-test","swoole-php-app-v6.2.1",200,100,"","","60s",15047,212.21767177769976,715.8122459791339,708.30184,1168.37372,1440.7661005999996,1929.6241039199997,3505.931614,1087160797,7689017,0
"perf-test","swoole-php-app-v6.2.1",50,100,"","","60s",15104,215.06395528096252,172.9221879845081,158.645988,322.6052423000001,383.6667195,537.2588130899994,1241.386781,1091279104,7718144,0
"perf-test","swoole-php-app-v6.2.1",1,10,"","","60s",30308,432.951408459165,1.3066336309225235,1.009037,2.233655,2.4405709999999994,3.2708500000000003,19.71582,221157476,15457080,0
"perf-test","swoole-php-app-v6.2.1",100,10,"","","60s",126145,1800.6556670660877,49.895494801276314,51.443158,71.79793360000001,79.09393699999998,102.33685015999998,196.78061,920480065,64333950,0
"perf-test","swoole-php-app-v6.2.1",200,10,"","","60s",123642,1763.5144681948357,97.26643639037596,102.62676049999999,140.8184489,154.04224424999995,194.02824401999996,353.248865,902215674,63057420,0
"perf-test","swoole-php-app-v6.2.1",50,10,"","","60s",128416,1833.6808750584412,24.0186331684838,23.460846500000002,37.549398499999995,41.419775,53.05237850000004,146.547646,937051552,65492160,0
"perf-test","swoole-php-app-v6.2.1",1,1,"","","60s",53528,764.672327877323,1.038178903302943,0.961832,1.310721,1.6981406499999998,2.527912199999997,10.900946,47372280,27245752,0
"perf-test","swoole-php-app-v6.2.1",100,1,"","","60s",170276,2430.98386104006,38.01830130487038,38.8831895,43.975373000000005,50.3313935,77.97595799999999,144.425715,150694260,86670484,0
"perf-test","swoole-php-app-v6.2.1",200,1,"","","60s",170725,2436.0409077464515,76.0153741062982,78.146273,88.8626944,97.25208699999999,143.19175064000004,239.258861,151091625,86899025,0
"perf-test","swoole-php-app-v6.2.1",50,1,"","","60s",170285,2431.9051420879305,18.908060725401146,18.880728,23.454486000000003,30.685860999999957,40.947172,79.974836,150702225,86675065,0
"perf-test","swoole-php-app-v6.2.1",1,500,"","","60s",1709,24.400777425079735,15.310424132241073,16.275079,17.7108148,19.0360814,27.19369808,32.964658,623335533,873299,0
"perf-test","swoole-php-app-v6.2.1",100,500,"","","60s",3211,44.98915317065391,769.9553924908109,692.567877,1335.397961,1517.215009,1955.2714043,2884.188644,1171170507,1640821,0
"perf-test","swoole-php-app-v6.2.1",200,500,"","","60s",3263,44.89231526262245,1578.356139456938,1453.882613,2752.1653326,3078.7917520999968,3704.7715564200003,5223.452325,1190136831,1667393,0
"perf-test","swoole-php-app-v6.2.1",50,500,"","","60s",3214,45.446834174837235,375.59835992252675,337.5295505,657.4454353,760.57728915,998.8556313,1531.742604,1172264718,1642354,0
"large","swoole-php-app-v6.2.1",25,"","",100,"60s",90115,1287.0307158123667,16.908182226788096,15.669564,27.703718000000013,31.972786000000003,39.89247480000001,104.996056,9243726355,10543455,0
"large","swoole-php-app-v6.2.1",50,"","",100,"60s",90890,1297.7813514979946,34.61009992275242,33.068378499999994,51.63803290000002,63.79804355,77.76320739,154.488016,9323223530,10634130,0
"large","swoole-php-app-v6.2.1",25,"","",500,"60s",22110,315.5088643406978,68.25432640180946,59.3469145,117.24542100000001,129.63273695,155.03072817999998,286.212326,11324233470,2586870,0
"large","swoole-php-app-v6.2.1",50,"","",500,"60s",22315,318.04992587387324,140.68943331234595,135.216715,201.64389800000012,261.21383,337.98306520000006,581.089755,11429229755,2610855,0
"params","swoole-php-app-v6.2.1",100,"","","","60s",595213,8501.427440433317,10.834303668291541,10.514942,16.375103200000005,20.513748,26.878266000000007,99.533575,134518138,221419236,0
"params","swoole-php-app-v6.2.1",200,"","","","60s",599711,8565.000624637665,21.542962785811277,21.280503,32.863174,39.1565165,49.51666710000004,120.142384,135534686,223092492,0
"params","swoole-php-app-v6.2.1",50,"","","","60s",591364,8447.35654951541,5.414453669404958,5.0735969999999995,8.668456,10.45425235,13.93197943,48.390908,133648264,219987408,0
"minimal","swoole-php-app-v6.2.1",100,"","","","30s",431893,10794.28910510976,8.032747943321601,8.02677,12.779573999999998,16.317594599999996,23.010200920000006,69.960889,92377242,42325514,0
"minimal","swoole-php-app-v6.2.1",200,"","","","30s",431328,10777.553012184453,16.09044092471382,16.331246,26.3598187,33.21518699999997,44.898219199999986,107.978676,92256136,42270144,0
"minimal","swoole-php-app-v6.2.1",500,"","","","30s",428690,10705.635147036126,40.41586680045406,40.649617,71.2142869,84.35120894999999,105.29695358999999,192.912207,91691908,42011620,0
"nested","swoole-php-app-v6.2.1",100,100,1,"","60s",139605,1992.4395966739805,44.8478414127857,46.168057,66.2262254,73.50632419999997,99.64264603999997,209.109366,551020935,16612995,0
"nested","swoole-php-app-v6.2.1",50,100,1,"","60s",146479,2091.8168393449905,20.9297118886668,20.282878,34.263443800000005,38.479019,49.06034116000001,131.016349,578152613,17431001,0
"nested","swoole-php-app-v6.2.1",100,100,2,"","60s",136489,1948.8327616988495,45.665326207080014,46.88564,67.809856,76.16455959999999,103.2310639999998,224.565329,661562183,16242191,0
"nested","swoole-php-app-v6.2.1",50,100,2,"","60s",139901,1997.349030951673,21.956447666864232,21.349577,35.676578,39.980514,50.903986,104.575203,678100147,16648219,0
"nested","swoole-php-app-v6.2.1",100,100,3,"","60s",132649,1893.6183376239374,46.95330015833454,48.393652,69.0909228,77.55919559999997,104.61863711999979,287.095404,762333803,15785231,0
"nested","swoole-php-app-v6.2.1",50,100,3,"","60s",137246,1959.9453897808137,22.33831533923039,21.783381,36.136637,40.4431655,50.94450799999996,143.755891,788752762,16332274,0
"post","swoole-php-app-v6.2.1",100,100,"","","60s",90485,1290.4035538609178,68.54679232788952,69.720406,102.6795598,114.677567,161.3624996000004,300.880464,1162551280,21173490,0
"post","swoole-php-app-v6.2.1",200,100,"","","60s",89307,1272.6995753533258,122.19527633916603,128.285955,197.7580154,215.3981897,288.6485220000001,572.073808,1147416336,20897838,0
"post","swoole-php-app-v6.2.1",50,100,"","","60s",94085,1343.3920395211971,32.32025074564473,32.324298,49.70678960000001,56.41771800000001,77.12278416000001,172.26114,1208804080,22015890,0
"post","swoole-php-app-v6.2.1",100,10,"","","60s",489545,6992.196382997324,12.980678834897802,11.333369,24.532716000000004,28.810400199999997,37.75259804,112.903696,692706175,114063985,0
"post","swoole-php-app-v6.2.1",200,10,"","","60s",457844,6533.228491594408,27.588128483647328,24.9767785,47.883601,54.82107014999999,67.97410957000001,169.78463,647849260,106677652,0
"post","swoole-php-app-v6.2.1",50,10,"","","60s",504091,7199.855949680247,6.245606216538439,5.37999,11.339178,14.320978,20.753169199999984,65.163005,713288765,117453203,0
